AMPCTH235100059!NPI!100004867377!1156402!1156402-02-1D!ASAKA|PLATFORMS-NETWORKING!!610005!610005:Pre-FQA!69.49!20.13!2024-02-09 23:07:28!CN_boot_failure!Failed_to_login_to_CN_after_booting!NDF
CTH2409-01104!NPI!100004914031!1167689!1167689-B-2W!VIPERFISH|PLATFORMS-SERVER!SYSTEM ASSEMBLY!610005!610005:Pre-FQA!1.71!0.34!2024-02-29 18:04:02!VF_SI_ICI_SERDES_FAIL!OSFP9!NDF
CTH2334-00370!NPI!100004755769!1137082!1137082-06-1W!VIPERFISH|PLATFORMS-SERVER!SYSTEM ASSEMBLY!610005!610005:Pre-FQA!192.22!0.32!2024-02-29 18:41:52!VF_SI_ICI_SERDES_FAIL!OSFP5!NDF
CTH2408-00901!NPI!100004933202!1182243!1182243-01-2W!VIPERFISH|PLATFORMS-SERVER!SYSTEM ASSEMBLY!610005!610005:Pre-FQA!7.69!1.35!2024-02-28 17:57:01!TPU_FAIL_PCIE_THROUGHPUT!Failing Child Step='pci_throughput_aer_with_retry - Check Chip PCIe Total Throughput';/phys/PE0/IO0/CDFP/DOWNLINK/VFC2:device:asic: Checking total throughput: actual 39032739091, min 40000000000!NDF
PDFCTH224204942!CTN!DUMMY1125366!1125366-05!1125366-05-01-1W!DIORITE|PLATFORMS-NETWORKING!PCBA!610005!610005:Pre-FQA!311.73!310.99!2023-04-25 02:33:43!USB_NOT_DETECTED!usb_count_0!NDF
CTH2409-71039!NPI!100004931270!1143032!1143032-E-1W!VIPERLITE POD|PLATFORMS-SERVER!SYSTEM ASSEMBLY!610005!610005:Pre-FQA!0.94!0.19!2024-02-29 21:46:20!STETHOSCOPE_STOP_ERROR!Failing Child Step='pcm_burnin - Stop Stethoscope';Error stopping Stethoscope: sensor data exceed thresholds or have no readings!NDF
CTH2406-00565!NPI!100004924125!1182242!1182242-01-2W!VIPERFISH|PLATFORMS-SERVER!SYSTEM ASSEMBLY!610005!610005:Pre-FQA!21.72!10.94!2024-02-19 03:43:40!STEP_TIMEOUT_ERROR!Timeout occurred while executing ssh -o ServerAliveInterval=600 -tt root@10.0.0.12 'ulimit -Hn 1048576; ulimit -Sn 1048576; gcontain enter /; /fish/voodoo/jobhandlers/viperfishist_jobhandler_stan!NDF
CTH2409-00635!NPI!100004888814!1167689!1167689-B-2W!VIPERFISH|PLATFORMS-SERVER!SYSTEM ASSEMBLY!610005!610005:Pre-FQA!2.04!0.51!2024-02-29 14:06:48!vf_si_unexpected_fail!Failing Child Step='vfsi_cdmii - vfsi';vf_si binary have non-zero return value: -6!NDF
PDFCTH233501001!NPI!DUMMY1125366_2!1125367-06!1125367-06-B-1W!DIORITE|PLATFORMS-NETWORKING!PCBA!610005!610005:Pre-FQA!150.72!134.69!2023-10-18 09:41:44!QSFP_PRBS_LAUNCH!Exception_while_launching_the_QSFP_PRBS_test:_Timeout_opening_channel.!NDF
CTH2405-03981!NPI!100004888813!1167689!1167689-B-2W!VIPERFISH|PLATFORMS-SERVER!SYSTEM ASSEMBLY!610005!610005:Pre-FQA!29.65!0.29!2024-02-29 19:17:42!flow_rate_0.6_gpm!value='0.26' lower_limit='0.54' upper_limit='0.66'!NDF
EFBCTH240300236!NPI!100004892244!1157320-01!1157320-01-0A-1W!ENDURANCE|PLATFORMS-NETWORKING!PCBA!610005!610005:Pre-FQA!45.54!14.27!2024-02-15 19:49:28!pe1_prsnt_l_gpio_status!value_1_lower_limit_0_upper_limit_!NDF
CTH2409-01761!NPI!100004932804!1167689!1167689-B-3W!VIPERFISH|PLATFORMS-SERVER!SYSTEM ASSEMBLY!610005!610005:Pre-FQA!1.13!0.00!2024-03-01 02:14:41!VF_SI_ICI_SERDES_FAIL!OSFP13!NDF
CTH2409-10551!NPI!100004902303!1143032!1143032-E-2W!VIPERLITE POD|PLATFORMS-SERVER!SYSTEM ASSEMBLY!610005!610005:Pre-FQA!0.89!0.15!2024-02-29 22:44:58!TASK_EXCEPTION__INACTIVERPCERROR!Failing Child Step='thermal_impedance_with_retry - Diag';<_InactiveRpcError of RPC that terminated with:;	status = StatusCode.UNIMPLEMENTED;	details = "fan: /phys/PE3/CDFP/DOWNLINK/FAN0:device:fa!NDF
PDFCTH240600286!NPI!100004916883!1158718-02!1158718-02-01-2D!DIORITE|PLATFORMS-NETWORKING!ASSEMBLY!610005!610005:Pre-FQA!20.36!20.32!2024-02-09 18:39:13!Check_MAC_address_matched_with_SFC_system!value_None_lower_limit_D4:3A:2C:FA:D7:DC_upper_limit_!NDF
CTH2406-00517!NPI!100004924063!1182242!1182242-01-2W!VIPERFISH|PLATFORMS-SERVER!SYSTEM ASSEMBLY!610005!610005:Pre-FQA!21.73!8.83!2024-02-21 06:24:59!VF_SI_ICI_SERDES_FAIL!OSFP5!NDF
CTH2409-00615!NPI!100004888814!1167689!1167689-B-2W!VIPERFISH|PLATFORMS-SERVER!SYSTEM ASSEMBLY!610005!610005:Pre-FQA!1.92!0.22!2024-02-29 20:59:28!GBMC_COMM_ERROR!Failed to open communication with the gBMC!NDF
CTH2407-05551!NPI!100004933201!1182242!1182242-01-2W!VIPERFISH|PLATFORMS-SERVER!SYSTEM ASSEMBLY!610005!610005:Pre-FQA!9.00!0.69!2024-02-29 09:48:00!VF_SI_ICI_SERDES_FAIL!OSFP5!NDF
CTH2409-02288!NPI!100004914031!1167689!1167689-B-2W!VIPERFISH|PLATFORMS-SERVER!SYSTEM ASSEMBLY!610005!610005:Pre-FQA!1.26!0.25!2024-02-29 20:11:29!PCIE_VFC3_WIDTH!value='x8' lower_limit='x16' upper_limit=''!NDF
CTH2346-01016!NPI!100004825301!1137082!1137082-06-1W!VIPERFISH|PLATFORMS-SERVER!SYSTEM ASSEMBLY!610005!610005:Pre-FQA!106.03!0.05!2024-03-01 01:11:51!vfc_ext_north_range!value='11.0' lower_limit='0' upper_limit='10'!NDF
CTH2407-05358!NPI!100004933201!1182242!1182242-01-2W!VIPERFISH|PLATFORMS-SERVER!SYSTEM ASSEMBLY!610005!610005:Pre-FQA!9.21!0.08!2024-03-01 00:23:28!VF_SI_ICI_SERDES_FAIL!OSFP11!NDF
CTH2409-00895!NPI!100004888814!1167689!1167689-B-2W!VIPERFISH|PLATFORMS-SERVER!SYSTEM ASSEMBLY!610005!610005:Pre-FQA!1.87!0.00!2024-03-01 02:14:38!VF_SI_ICI_SERDES_FAIL!OSFP3!NDF
CTH2409-01022!NPI!100004932804!1167689!1167689-B-3W!VIPERFISH|PLATFORMS-SERVER!SYSTEM ASSEMBLY!610005!610005:Pre-FQA!1.79!0.10!2024-02-29 23:51:44!VOODOO_PARSING_ERROR!Failed to parse 1 lines from Voodoo output at line number(s): [1].!NDF
AMPCTH235100021!NPI!100004867377!1156402!1156402-02-1D!ASAKA|PLATFORMS-NETWORKING!!610005!610005:Pre-FQA!69.53!20.11!2024-02-09 23:44:56!TYPE_ERROR_EXCEPTION!Caught_TypeError_exception._Traceback_(most_recent_call_last):_File_/home/testusr/Asaka/Scripts/asaka_test/asaka_bft_lite/opentest/core/process_plan.py_line_2113_in_run_step_handler_callback_raise_exc!NDF
PDFCTH240907390!NPI!100004932757!1158718-02!1158718-02-A-1W!DIORITE|PLATFORMS-NETWORKING!ASSEMBLY!610005!610005:Pre-FQA!0.31!0.22!2024-02-29 21:07:00!POWER_VIRUS_PROCESS_RESULTS!core4_measured_interval:value_67.2198:lower_87:upper_!NDF
CTH2408-00847!NPI!100004903472!1167688!1167688-B-2W!VIPERFISH|PLATFORMS-SERVER!SYSTEM ASSEMBLY!610005!610005:Pre-FQA!7.83!0.69!2024-02-29 09:47:47!VF_SI_ICI_SERDES_FAIL!OSFP12!NDF
PDFCTH240815224!NPI!100004932756!1158718-02!1158718-02-A-1W!DIORITE|PLATFORMS-NETWORKING!ASSEMBLY!610005!610005:Pre-FQA!3.46!0.10!2024-02-29 23:53:08!NETBOOT_DRAM!Exception_while_connecting_to_the_DUT:_Timeout_on_read_until_waiting_for_login:!NDF
CTH2409-00637!NPI!100004888814!1167689!1167689-B-2W!VIPERFISH|PLATFORMS-SERVER!SYSTEM ASSEMBLY!610005!610005:Pre-FQA!2.04!0.45!2024-02-29 15:24:20!haven_gbmc_fw_version!value='0.4.2022101210' lower_limit='0.4.2023042710' upper_limit=''!NDF
VOUCTH240400179!CTN!100004892753!1096450-03!1096450-03-A-3W!VUMI|PLATFORMS-SERVER!PCBA!610005!610005:Pre-FQA!35.81!33.80!2024-01-27 07:01:24!VERIFY_OSFP_PORT_5![FAILED]_OSFP5_Power_read:_23.996_out_of_range:21.66_W_23.94_W!NDF
CTH2409-01758!NPI!100004914031!1167689!1167689-B-2W!VIPERFISH|PLATFORMS-SERVER!SYSTEM ASSEMBLY!610005!610005:Pre-FQA!1.25!0.10!2024-02-29 23:51:54!TPU_FAIL_PCIE_THROUGHPUT!Failing Child Step='pci_throughput_aer_with_retry - Check Chip PCIe Total Throughput';/phys/PE0/IO0/CDFP/DOWNLINK/VFC3:device:asic: Checking total throughput: actual 39315463706, min 40000000000!NDF
CTH2409-71023!NPI!100004931270!1143032!1143032-E-1W!VIPERLITE POD|PLATFORMS-SERVER!SYSTEM ASSEMBLY!610005!610005:Pre-FQA!0.94!0.10!2024-02-29 23:53:45!NON_ZERO_EXIT_CODE!Failing Child Step='ici_loopback - Diag';vxc_binary.vl_loopback failed with non-zero exit code.;Tag: loopback_mode=external, port=2, tray=0 chip=3;F0229 16:23:48.013977  134683 vl_loopback.cc:93]!NDF
CTH2406-01831!NPI!100004752497!1144101!1144101-04-1W!VIPERFISH|PLATFORMS-SERVER!SYSTEM ASSEMBLY!610005!610005:Pre-FQA!19.82!17.22!2024-02-12 21:00:28!STEP_TIMEOUT_ERROR!Timeout occurred while executing ssh -o ServerAliveInterval=600 -tt root@10.0.0.2 'ulimit -Hn 1048576; ulimit -Sn 1048576; gcontain enter /; /fish/voodoo/jobhandlers/viperfishist_jobhandler_stand!NDF
CTH2409-00930!NPI!100004888814!1167689!1167689-B-2W!VIPERFISH|PLATFORMS-SERVER!SYSTEM ASSEMBLY!610005!610005:Pre-FQA!1.86!0.23!2024-02-29 20:44:19!VF_SI_ICI_SERDES_FAIL!OSFP3!NDF
CTH2409-00169!NPI!100004903472!1167688!1167688-B-2W!VIPERFISH|PLATFORMS-SERVER!SYSTEM ASSEMBLY!610005!610005:Pre-FQA!2.88!0.71!2024-02-29 09:11:47!pcie_vfc2_speed!value='8.0GT/s' lower_limit='16.0GT/s' upper_limit=''!NDF
CTH2408-00920!NPI!100004933202!1182243!1182243-01-2W!VIPERFISH|PLATFORMS-SERVER!SYSTEM ASSEMBLY!610005!610005:Pre-FQA!7.68!6.21!2024-02-23 21:21:58!host_tray_command_error!(HostCommandError) Send command failure: /fish/tools/vf_reg --noenvelope_enabled --grpc_chip_use_loas2=false -mode rpc -server dns:///[fe80::a0d5:9dff:fe6c:6e6a%gbmcbr]:5000 -write -like CHIP_PWR!NDF
CTH2408-05028!NPI!100004903472!1167688!1167688-B-2W!VIPERFISH|PLATFORMS-SERVER!SYSTEM ASSEMBLY!610005!610005:Pre-FQA!3.00!1.41!2024-02-28 16:25:31!SENSOR_READ_ERROR!(BaseTrayError) Error while reading the sensors list;(IpmiToolError) Error while executing the read_sensors command;(HostCommandError) Send command failure: /usr/bin/ipmitool sensor (error: Error!NDF
CTH2409-02781!NPI!100004932804!1167689!1167689-B-3W!VIPERFISH|PLATFORMS-SERVER!SYSTEM ASSEMBLY!610005!610005:Pre-FQA!1.56!0.39!2024-02-29 16:55:23!VF_SI_ERROR!Failing Child Step='vfsi_cdmii - Diag';vf_si Empty csv file!NDF
CTH2409-01731!NPI!100004914031!1167689!1167689-B-2W!VIPERFISH|PLATFORMS-SERVER!SYSTEM ASSEMBLY!610005!610005:Pre-FQA!1.26!0.24!2024-02-29 20:26:37!ping_gbmc_retry_from_host_tray_fail!Failed to ping fe80::a0d5:9dff:fe6c:6e6a%gbmcbr from the host tray!NDF
CTH2406-00355!NPI!100004888814!1167689!1167689-B-2W!VIPERFISH|PLATFORMS-SERVER!SYSTEM ASSEMBLY!610005!610005:Pre-FQA!23.37!6.30!2024-02-23 18:59:33!TPU_FAIL_PCIE_THROUGHPUT!Failing Child Step='pci_throughput_aer_with_retry - Check Chip PCIe Total Throughput';/phys/PE0/IO0/CDFP/DOWNLINK/VFC3:device:asic: Checking total throughput: actual 37566662645, min 40000000000!NDF
CTH2409-71040!NPI!100004931270!1143032!1143032-E-1W!VIPERLITE POD|PLATFORMS-SERVER!SYSTEM ASSEMBLY!610005!610005:Pre-FQA!0.94!0.10!2024-02-29 23:49:50!VL_MARGIN_CONNECTION_ERROR!Failing Child Step='vl_margin [Voltage Margin OFF] - Tray ID: 0';SSH connection to BMC failed. INTERNAL: Could not establish SSH session: Failed to resolve hostname fe80::a0d5:9dff:fe6c:6e6a%bmc_!NDF
CTH2409-00273!NPI!100004903472!1167688!1167688-B-2W!VIPERFISH|PLATFORMS-SERVER!SYSTEM ASSEMBLY!610005!610005:Pre-FQA!2.80!1.32!2024-02-28 18:29:28!VF_SI_ICI_SERDES_FAIL!OSFP7!NDF
CTH2409-10635!NPI!100004916631!1143032!1143032-E-2W!VIPERLITE POD|PLATFORMS-SERVER!SYSTEM ASSEMBLY!610005!610005:Pre-FQA!0.56!0.17!2024-02-29 22:16:23!blackbox_script_error!(GbmcBindDriverError) Error while binding 33-0044 to /sys/bus/i2c/drivers/pmbus;(HostCommandError) Send command failure: echo 33-0044 > /sys/bus/i2c/drivers/pmbus/bind (error: sh: line 1: echo: w!NDF
CTH2341-70406!NPI!100004799993!1154690!1154690-04-5D!GHOSTLITE POD|PLATFORMS-SERVER!!610005!610005:Pre-FQA!137.70!2.27!2024-02-27 19:49:35!adp1050_firmware_update_error!(MSVPackageInstallError) Error while installing package using script /var/lib/msv-packages/firmware-adp1050/ghostlite/post-install.sh;(HostCommandError) Send command failure: /var/lib/msv-package!NDF
PNGCTH224716021!NPI!100004571691!1139339-03!1139339-03-01-2D!GRANITE|PLATFORMS-NETWORKING!PCBA!610005!610005:Pre-FQA!391.99!391.99!2023-02-03 02:27:26!ICT_FAIL!Failed : 1%r66/Measured: 1.4406k!NDF
CTH2408-06199!NPI!100004903472!1167688!1167688-B-2W!VIPERFISH|PLATFORMS-SERVER!SYSTEM ASSEMBLY!610005!610005:Pre-FQA!3.70!0.45!2024-02-29 15:29:45!VF_SI_ICI_SERDES_FAIL!OSFP6!NDF
CTH2350-11863!NPI!100004846255!1143032!1143032-E-2W!VIPERLITE POD|PLATFORMS-SERVER!SYSTEM ASSEMBLY!610005!610005:Pre-FQA!71.83!69.12!2023-12-22 23:17:36!UNEXPECTED_EXCEPTION!AttributeError: type object 'GetOsfpLoopbackInsertionCountSettings' has no attribute 'should_skip'!NDF
CTH2409-11133!NPI!100004902303!1143032!1143032-E-2W!VIPERLITE POD|PLATFORMS-SERVER!SYSTEM ASSEMBLY!610005!610005:Pre-FQA!1.54!0.24!2024-02-29 20:27:19!TASK_DEADLINE_EXCEEDED!Failing Child Step='vl_margin [Voltage Margin OFF] - Diag';TIMED_OUT after 10m0s in state running, timeout value comes from test_info file!NDF
CTH2409-00572!NPI!100004903472!1167688!1167688-B-2W!VIPERFISH|PLATFORMS-SERVER!SYSTEM ASSEMBLY!610005!610005:Pre-FQA!2.38!1.41!2024-02-28 16:21:16!flow_rate_0.6_gpm!value='0.31' lower_limit='0.54' upper_limit='0.66'!NDF
PDFCTH234305119!NPI!100004793382!1125367-06!1125367-06-B-2W!DIORITE|PLATFORMS-NETWORKING!ASSEMBLY!610005!610005:Pre-FQA!125.24!107.62!2023-11-14 11:19:09!FAN_CONTROL!fan_pwm_50:value_0:lower_5000:upper_11000!NDF
CTH2408-00891!NPI!100004933202!1182243!1182243-01-2W!VIPERFISH|PLATFORMS-SERVER!SYSTEM ASSEMBLY!610005!610005:Pre-FQA!7.74!0.68!2024-02-29 09:53:04!VF_SI_ICI_SERDES_FAIL!OSFP1!NDF
CTH2334-00397!NPI!100004755769!1137082!1137082-06-1W!VIPERFISH|PLATFORMS-SERVER!SYSTEM ASSEMBLY!610005!610005:Pre-FQA!192.12!0.24!2024-02-29 20:28:31!TPU_FAIL_PCIE_THROUGHPUT!Failing Child Step='pci_throughput_aer_with_retry - Check Chip PCIe Total Throughput';/phys/PE0/IO0/CDFP/DOWNLINK/VFC3:device:asic: Checking total throughput: actual 27839605379, min 40000000000!NDF
CTH2409-03024!NPI!100004932804!1167689!1167689-B-3W!VIPERFISH|PLATFORMS-SERVER!SYSTEM ASSEMBLY!610005!610005:Pre-FQA!1.29!0.05!2024-03-01 01:10:54!STETHOSCOPE_STOP_ERROR!Failing Child Step='vf_tdp_thermal_impedance_retry_2 - Stop Stethoscope';Error stopping Stethoscope: sensor data exceed thresholds or have no readings!NDF
CTH2409-01096!NPI!100004914031!1167689!1167689-B-2W!VIPERFISH|PLATFORMS-SERVER!SYSTEM ASSEMBLY!610005!610005:Pre-FQA!1.71!0.23!2024-02-29 20:50:34!PCIE_VFC1_WIDTH!value='x8' lower_limit='x16' upper_limit=''!NDF
CTH2408-04508!NPI!100004888814!1167689!1167689-B-2W!VIPERFISH|PLATFORMS-SERVER!SYSTEM ASSEMBLY!610005!610005:Pre-FQA!1.92!0.24!2024-02-29 20:33:35!VF_SI_ICI_SERDES_FAIL!OSFP14!NDF
CTH2408-70229!NPI!100004931270!1143032!1143032-E-1W!VIPERLITE POD|PLATFORMS-SERVER!SYSTEM ASSEMBLY!610005!610005:Pre-FQA!0.53!0.02!2024-03-01 01:44:03!vlc1_port2_lane0_eye_margin_L!value='0' lower_limit='0' upper_limit=''!NDF
CTH2408-00935!NPI!100004933202!1182243!1182243-01-2W!VIPERFISH|PLATFORMS-SERVER!SYSTEM ASSEMBLY!610005!610005:Pre-FQA!7.67!0.24!2024-02-29 20:38:53!flow_rate_0.6_gpm!value='0.26' lower_limit='0.54' upper_limit='0.66'!NDF
CTH2409-01670!NPI!100004905035!1167689!1167689-B-2W!VIPERFISH|PLATFORMS-SERVER!SYSTEM ASSEMBLY!610005!610005:Pre-FQA!1.49!0.53!2024-02-29 13:33:55!VF_SI_ICI_SERDES_FAIL!OSFP14!NDF
CTH2409-00924!NPI!100004888814!1167689!1167689-B-2W!VIPERFISH|PLATFORMS-SERVER!SYSTEM ASSEMBLY!610005!610005:Pre-FQA!1.86!0.10!2024-02-29 23:51:41!VF_SI_ICI_SERDES_FAIL!OSFP7!NDF
PDFCTH240617137!NPI!100004905448!1125366-06!1125366-06-A-3W!DIORITE|PLATFORMS-NETWORKING!ASSEMBLY!610005!610005:Pre-FQA!17.07!16.79!2024-02-13 07:13:15!NETBOOT_DRAM!Unable_to_DHCP_IP_lease!NDF
CTH2409-00411!NPI!100004903472!1167688!1167688-B-2W!VIPERFISH|PLATFORMS-SERVER!SYSTEM ASSEMBLY!610005!610005:Pre-FQA!2.67!1.35!2024-02-28 17:57:08!MISSING_MEASUREMENT!Could not find measurements for 1 spec(s).!NDF
CTH2409-00452!NPI!100004903472!1167688!1167688-B-2W!VIPERFISH|PLATFORMS-SERVER!SYSTEM ASSEMBLY!610005!610005:Pre-FQA!2.34!1.25!2024-02-28 20:24:30!VF_SI_ICI_SERDES_FAIL!OSFP12!NDF
CTH2408-01454!NPI!100004933202!1182243!1182243-01-2W!VIPERFISH|PLATFORMS-SERVER!SYSTEM ASSEMBLY!610005!610005:Pre-FQA!8.26!1.35!2024-02-28 17:52:31!VF_SI_ICI_SERDES_FAIL!OSFP14!NDF
CTH2409-02782!NPI!100004932804!1167689!1167689-B-3W!VIPERFISH|PLATFORMS-SERVER!SYSTEM ASSEMBLY!610005!610005:Pre-FQA!1.22!0.10!2024-02-29 23:57:26!VOODOO_PARSING_ERROR!Failed to parse 1 lines from Voodoo output at line number(s): [1].!NDF
ETNCTH235100211!NPI!100004856309!1119328-04!1119328-04-0A-1W!ENDURANCE|PLATFORMS-NETWORKING!PCBA!610005!610005:Pre-FQA!73.20!24.37!2024-02-05 17:31:01!fpga_erot_hgx_present!!NDF
EFBCTH233200586!NPI!100004731073!1134095-05!1134095-05-03-1D!ENDURANCE|PLATFORMS-NETWORKING!PCBA!610005!610005:Pre-FQA!202.97!45.70!2024-01-15 09:30:54!ICT_FAIL!Failed : c3056!NDF
CTH2409-02776!NPI!100004932804!1167689!1167689-B-3W!VIPERFISH|PLATFORMS-SERVER!SYSTEM ASSEMBLY!610005!610005:Pre-FQA!1.56!0.07!2024-03-01 00:30:59!VF_SI_ICI_SERDES_FAIL!OSFP10!NDF
VFDCTH240801521!NPI!100004914028!1128352-09!1128352-09-B-2W!VIPERFISH|PLATFORMS-SERVER!PCBA!610005!610005:Pre-FQA!10.04!0.52!2024-02-29 13:44:52!VX_PV_TGEN_FAILED!!DB03
MSUCTH240600106!NPI!100004904383!1094202-05!1094202-05-0B-4W!MAKOSHARK|PLATFORMS-NETWORKING!SYSTEM!610005!610005:Pre-FQA!0.79!0.05!2024-03-01 01:01:40!REPORT_CHASSIS_CONFIG!Report_chassis_config!DB03
VFDCTH235102389!NPI!100004862665!1128352-09!1128352-09-B-2W!VIPERFISH|PLATFORMS-SERVER!PCBA!610005!610005:Pre-FQA!69.64!55.65!2024-01-05 10:35:22!VX_POWER_TIMEOUT!!DB03
CTH2409-70070!NPI!100004931270!1143032!1143032-E-1W!VIPERLITE POD|PLATFORMS-SERVER!SYSTEM ASSEMBLY!610005!610005:Pre-FQA!3.93!0.09!2024-03-01 00:07:35!EXCESSIVE_VX_THERMAL_IMPEDANCE!Failing Child Step='thermal_impedance_with_retry - Diag';Attribute 'vx-thermal-impedance' has 1 violated entries. Violated entries: asic-thermal-impedance!DB03
CTH2408-10943!NPI!100004902303!1143032!1143032-E-2W!VIPERLITE POD|PLATFORMS-SERVER!SYSTEM ASSEMBLY!610005!610005:Pre-FQA!7.35!0.14!2024-02-29 22:50:23!EXCESSIVE_VX_THERMAL_IMPEDANCE!Failing Child Step='thermal_impedance_with_retry - Diag';Attribute 'vx-thermal-impedance' has 1 violated entries. Violated entries: asic-thermal-impedance!DB03
PNGCTH230505819!CTN!100004598260!42000834-12!42000834-12-0B-1W!GRANITE|PLATFORMS-NETWORKING!PCBA!610005!610005:Pre-FQA!387.29!317.30!2023-04-18 19:03:27!005!!DB03
VFDCTH240804951!NPI!100004914028!1128352-09!1128352-09-B-2W!VIPERFISH|PLATFORMS-SERVER!PCBA!610005!610005:Pre-FQA!3.82!0.16!2024-02-29 22:20:10!EXCESSIVE_VX_POWER_RUN_STATUS!!DB03
VFDCTH240705159!NPI!100004914028!1128352-09!1128352-09-B-2W!VIPERFISH|PLATFORMS-SERVER!PCBA!610005!610005:Pre-FQA!10.97!3.04!2024-02-27 01:12:56!VX_PV_TGEN_FAILED!!DB03
VFDCTH240602172!NPI!100004888820!1128352-09!1128352-09-B-2W!VIPERFISH|PLATFORMS-SERVER!PCBA!610005!610005:Pre-FQA!19.26!1.31!2024-02-28 18:47:49!PCIE_DEVPATH_MISSING!!DB03
VFDCTH240702970!NPI!100004903475!1128352-09!1128352-09-B-2W!VIPERFISH|PLATFORMS-SERVER!PCBA!610005!610005:Pre-FQA!12.50!1.29!2024-02-28 19:17:01!EXCESSIVE_TGEN_CORRECTABLE_ECC_ERRORS!!DB03
CTH2326-71001!NPI!100004696375!1143032!1143032-07-1W!VIPERLITE POD|PLATFORMS-SERVER!SYSTEM ASSEMBLY!610005!610005:Pre-FQA!227.33!9.61!2024-02-20 11:40:45!VL_MARGIN_SCRIPT_FAIL!Failing Child Step='vl_margin [Voltage Margin OFF] - Tray ID: 0';Exit code: 1 , stderr:!DB03
PNGCTH230603378!CTN!100004598262!42000834-12!42000834-12-0B-1W!GRANITE|PLATFORMS-NETWORKING!PCBA!610005!610005:Pre-FQA!386.52!253.97!2023-06-21 02:54:56!005!!DB06
CTH2407-02957!NPI!100004926465!1182242!1182242-01-2W!VIPERFISH|PLATFORMS-SERVER!SYSTEM ASSEMBLY!610005!610005:Pre-FQA!15.02!3.02!2024-02-27 01:48:36!STETHOSCOPE_STOP_ERROR!Failing Child Step='vf_tdp_thermal_impedance_retry_2 - Stop Stethoscope';Error stopping Stethoscope: sensor data exceed thresholds or have no readings!DB03
CTH2408-00240!NPI!100004933201!1182242!1182242-01-2W!VIPERFISH|PLATFORMS-SERVER!SYSTEM ASSEMBLY!610005!610005:Pre-FQA!9.93!3.75!2024-02-26 08:17:25!vfc1_telemetry!value='--' lower_limit='OK' upper_limit=''!DB03
CTH2407-00960!NPI!100004926465!1182242!1182242-01-2W!VIPERFISH|PLATFORMS-SERVER!SYSTEM ASSEMBLY!610005!610005:Pre-FQA!15.80!2.41!2024-02-27 16:27:46!EXCESSIVE_TGEN_CORRECTABLE_ECC_ERRORS!Failing Child Step='hbm_tgen_pv - hbm_tgen_pv-run-test-tdp_no_hbm-row_hammer';Attribute 'tgen-correctable-ecc-errors' has 1 violated entries during tgen-row_hammer. Violated entries: block-31-nod!DB03
VFDCTH240804177!NPI!100004914028!1128352-09!1128352-09-B-2W!VIPERFISH|PLATFORMS-SERVER!PCBA!610005!610005:Pre-FQA!6.51!0.54!2024-02-29 13:21:00!EXCESSIVE_TGEN_CORRECTABLE_ECC_ERRORS!!DB03
PNGCTH230511692!CTN!100004598260!42000834-12!42000834-12-0B-1W!GRANITE|PLATFORMS-NETWORKING!PCBA!610005!610005:Pre-FQA!388.44!318.82!2023-04-17 06:37:22!ICT_FAIL!Failed : Power SetUp!DB03
VFDCTH240803389!NPI!100004914029!1128352-09!1128352-09-B-2W!VIPERFISH|PLATFORMS-SERVER!PCBA!610005!610005:Pre-FQA!8.30!0.52!2024-02-29 13:46:53!vfc3_telemetry!!DB03
CTH2408-06189!NPI!100004903472!1167688!1167688-B-2W!VIPERFISH|PLATFORMS-SERVER!SYSTEM ASSEMBLY!610005!610005:Pre-FQA!3.56!0.45!2024-02-29 15:33:47!PCIE_DEVPATH_MISSING!^/phys/PE\d/IO0/CDFP/DOWNLINK/VFC3:device:asic!DB03
VFDCTH240505912!NPI!100004896344!1128352-09!1128352-09-B-2W!VIPERFISH|PLATFORMS-SERVER!PCBA!610005!610005:Pre-FQA!26.79!0.53!2024-02-29 13:31:46!ICT_FAIL!!DB03
VFDCTH235002329!NPI!100004862663!1128352-09!1128352-09-B-2W!VIPERFISH|PLATFORMS-SERVER!PCBA!610005!610005:Pre-FQA!76.03!0.52!2024-02-29 13:43:13!PCIE_DEVPATH_MISSING!!DB03
VFDCTH240603550!NPI!100004912592!1128352-09!1128352-09-B-2W!VIPERFISH|PLATFORMS-SERVER!PCBA!610005!610005:Pre-FQA!19.40!0.22!2024-02-29 21:06:10!TPU_HBM_LANE_REPAIR_FAILED_HARD!!DB03
PNGCTH224518589!CTN!100004564441!42000834-12!42000834-12-0B-1W!GRANITE|PLATFORMS-NETWORKING!PCBA!610005!610005:Pre-FQA!379.79!357.79!2023-03-09 07:14:24!ICT_FAIL!Fix:FICT2239/Failed : Power SetUp!DB03
TESCTH240902260!PRM!100004903013!1048338-06!1048338-06-0B-6W!TAYGETA|PLATFORMS-NETWORKING!SYSTEM ASSEMBLY!610005!610005:Pre-FQA!1.01!0.04!2024-03-01 01:15:05!POWER_CYCLE_UUT!_tERROR:_DetectUnit_Unit_not_detected_!DB06
VFDCTH240603460!NPI!100004912592!1128352-09!1128352-09-B-2W!VIPERFISH|PLATFORMS-SERVER!PCBA!610005!610005:Pre-FQA!19.47!0.17!2024-02-29 22:17:52!vf_si_unexpected_fail!!DB03
CTH2408-01142!NPI!100004933201!1182242!1182242-01-2W!VIPERFISH|PLATFORMS-SERVER!SYSTEM ASSEMBLY!610005!610005:Pre-FQA!9.15!2.99!2024-02-27 02:36:03!MISSING_MEASUREMENT!Could not find measurements for 1 spec(s).!DB03
VFDCTH240801208!NPI!100004914028!1128352-09!1128352-09-B-2W!VIPERFISH|PLATFORMS-SERVER!PCBA!610005!610005:Pre-FQA!9.45!0.25!2024-02-29 20:22:09!1194|ICT FAILURE!!DB03
CTH2408-00584!NPI!100004933201!1182242!1182242-01-2W!VIPERFISH|PLATFORMS-SERVER!SYSTEM ASSEMBLY!610005!610005:Pre-FQA!9.64!2.27!2024-02-27 19:53:54!tpu_error_p5x_execution!Failing Child Step='Tpu Sdc - p5x-execution';Target tray0chip3 Iteration 0, Unable to read results file /data/tmp/tmpmmobv141/tray0chip3/iteration0/golden_comparison_results.textproto, P5x failed!DB03
NCS23160135!NPI!100004638341!PT100-G0106-03!PT100-G0106-03041D!DIORITE|PLATFORMS-NETWORKING!!610005!610005:Pre-FQA!313.67!219.63!2023-07-25 11:03:41!005!Netboot Dram!DB06
VFDCTH240202280!NPI!100004864198!1128352-09!1128352-09-B-2W!VIPERFISH|PLATFORMS-SERVER!PCBA!610005!610005:Pre-FQA!48.82!0.53!2024-02-29 13:35:04!005!!DB03
CTH2408-04779!NPI!100004903472!1167688!1167688-B-2W!VIPERFISH|PLATFORMS-SERVER!SYSTEM ASSEMBLY!610005!610005:Pre-FQA!6.22!0.46!2024-02-29 15:08:58!tpu_error_p5x_execution!Failing Child Step='Tpu Sdc - p5x-execution';Target tray0chip2 Iteration 0, Unable to read results file /data/tmp/tmpvv3vpx3t/tray0chip2/iteration0/golden_comparison_results.textproto, P5x failed!DB03
VFDCTH240803897!NPI!100004914028!1128352-09!1128352-09-B-2W!VIPERFISH|PLATFORMS-SERVER!PCBA!610005!610005:Pre-FQA!7.30!0.53!2024-02-29 13:30:55!EXCESSIVE_TGEN_TEST_STATUS!!DB03
CTH2409-10044!PRM!000033741553_MANUAL!1143032!1143032-C-2W!VIPERLITE POD|PLATFORMS-SERVER!SYSTEM ASSEMBLY!610005!610005:Pre-FQA!2.99!0.41!2024-02-29 16:26:31!EXCESSIVE_VX_THERMAL_IMPEDANCE!Failing Child Step='thermal_impedance_with_retry - Diag';Attribute 'vx-thermal-impedance' has 1 violated entries. Violated entries: asic-thermal-impedance!DB03
CTH2408-01917!NPI!100004903472!1167688!1167688-B-2W!VIPERFISH|PLATFORMS-SERVER!SYSTEM ASSEMBLY!610005!610005:Pre-FQA!7.04!0.70!2024-02-29 09:24:08!VX_POWER_EXECUTION!Failing Child Step='vf_tdp_thermal_impedance_retry_2 - vx-power-execution';vx_power finished with errors:;E0222 14:05:52.577617  134105 async_driver.cc:487] [device_path: 	 "/dev/vfio/139" mode:!DB03
PNGCTH230503607!CTN!100004598260!42000834-12!42000834-12-0B-1W!GRANITE|PLATFORMS-NETWORKING!PCBA!610005!610005:Pre-FQA!385.89!318.81!2023-04-17 06:49:11!ICT_FAIL!Failed : Power SetUp!DB03
VFDCTH240601038!NPI!100004903477!1128352-09!1128352-09-B-2W!VIPERFISH|PLATFORMS-SERVER!PCBA!610005!610005:Pre-FQA!22.52!0.17!2024-02-29 22:17:47!EXCESSIVE_VX_POWER_RUN_STATUS!!DB03
CTH2408-05762!NPI!100004903472!1167688!1167688-B-2W!VIPERFISH|PLATFORMS-SERVER!SYSTEM ASSEMBLY!610005!610005:Pre-FQA!3.99!0.45!2024-02-29 15:29:55!PCIE_DEVPATH_MISSING!^/phys/PE\d/IO0/CDFP/DOWNLINK/VFC3:device:asic!DB03
CTH2408-00538!NPI!100004933201!1182242!1182242-01-2W!VIPERFISH|PLATFORMS-SERVER!SYSTEM ASSEMBLY!610005!610005:Pre-FQA!9.68!3.54!2024-02-26 13:16:44!EXCESSIVE_VX_POWER_RUN_STATUS!Failing Child Step='electrical_design_power - edp';Attribute 'vx-power-run-status' has 1 violated entries during vx-power-edp. Violated entries: UNKNOWN_0!DB03
CTH2408-00627!NPI!100004933201!1182242!1182242-01-2W!VIPERFISH|PLATFORMS-SERVER!SYSTEM ASSEMBLY!610005!610005:Pre-FQA!9.36!1.03!2024-02-29 01:34:28!vfc1_telemetry!value='--' lower_limit='OK' upper_limit=''!DB03
CTH2403-06453!NPI!100004875198!1167688!1167688-B-2W!VIPERFISH|PLATFORMS-SERVER!SYSTEM ASSEMBLY!610005!610005:Pre-FQA!39.83!30.18!2024-01-30 22:01:14!EXCESSIVE_HELLO_VFC_SMARTDIAG!Failing Child Step='hello_vfc - Diag';Attribute 'hello_vfc_smartdiag' has 2 violated entries. Violated entries: HelloTestSuite/HelloTc:CoreDumpCollectCsrsTest/Core0,HelloTestSuite/HelloTc:CoreDum!DB03
CTH2408-00346!NPI!100004933201!1182242!1182242-01-2W!VIPERFISH|PLATFORMS-SERVER!SYSTEM ASSEMBLY!610005!610005:Pre-FQA!9.84!3.14!2024-02-26 22:56:18!EXCESSIVE_TGEN_CORRECTABLE_ECC_ERRORS!Failing Child Step='hbm_tgen_pv - hbm_tgen_pv-run-test-tdp_no_hbm-bank_stress_normal';Attribute 'tgen-correctable-ecc-errors' has 1 violated entries during tgen-bank_stress_normal. Violated entri!DB03
CTH2408-00525!NPI!100004933201!1182242!1182242-01-2W!VIPERFISH|PLATFORMS-SERVER!SYSTEM ASSEMBLY!610005!610005:Pre-FQA!9.69!3.54!2024-02-26 13:25:03!MISSING_MEASUREMENT!Could not find measurements for 1 spec(s).!DB03
CTH2406-01142!NPI!100004888814!1167689!1167689-B-2W!VIPERFISH|PLATFORMS-SERVER!SYSTEM ASSEMBLY!610005!610005:Pre-FQA!20.80!0.23!2024-02-29 20:44:08!ping_gbmc_retry_from_host_tray_fail!Failed to ping fe80::a0d5:9dff:fe6c:6e6a%gbmcbr from the host tray!DB03
CTH2406-70631!NPI!100004812677!1143032!1143032-C-1W!VIPERLITE POD|PLATFORMS-SERVER!SYSTEM ASSEMBLY!610005!610005:Pre-FQA!21.52!2.28!2024-02-27 19:31:35!EXCESSIVE_PV_TGEN_THERMAL_THROTTLE!Failing Child Step='hbm_tgen_pv_conditions - tdp_no_hbm';Attribute 'pv-tgen-thermal-throttle' has 1 violated entries during pv-tgen-tdp_no_hbm. Violated entries: throttle-rate!DB03
AMPCTH233900684!NPI!100004784511!1156402!1156402-01-2D!ASAKA|PLATFORMS-NETWORKING!!610005!610005:Pre-FQA!124.88!50.92!2024-01-10 04:11:44!vdd_0r71_voltage!value_0.743_lower_limit_0.75_upper_limit_0.819_!DB06
PFPCTH233600298!CTN!100004755502!1072985-04!1072985-04-H-1W!COBEGO|PLATFORMS-SERVER!PCBA!610005!610005:Pre-FQA!173.79!8.26!2024-02-21 20:03:48!PCIE_COUNT_FAIL!!DB03
CTH2408-05430!NPI!100004903472!1167688!1167688-B-2W!VIPERFISH|PLATFORMS-SERVER!SYSTEM ASSEMBLY!610005!610005:Pre-FQA!3.45!0.10!2024-02-29 23:56:31!STETHOSCOPE_STOP_ERROR!Failing Child Step='vf_tdp_thermal_impedance_retry_2 - Stop Stethoscope';Error stopping Stethoscope: sensor data exceed thresholds or have no readings!DB03
CTH2408-03032!NPI!100004933202!1182243!1182243-01-2W!VIPERFISH|PLATFORMS-SERVER!SYSTEM ASSEMBLY!610005!610005:Pre-FQA!8.26!1.21!2024-02-28 21:19:25!OSFP_MISSING!Failed to find phys/PE0/IO0/CDFP/DOWNLINK:device:osfp_mgmt_7 in hardware parts.!DB03
CTH2408-04169!NPI!100004903472!1167688!1167688-B-2W!VIPERFISH|PLATFORMS-SERVER!SYSTEM ASSEMBLY!610005!610005:Pre-FQA!6.29!0.34!2024-02-29 18:03:46!EXCESSIVE_TGEN_TEST_STATUS!Failing Child Step='hbm_tgen_pv - hbm_tgen_pv-run-test-tdp_no_hbm-decoder';Attribute 'tgen-test-status' has 1 violated entries during tgen-decoder. Violated entries: block-13-node-0-decoder!DB03
CTH2408-06419!NPI!100004903472!1167688!1167688-B-2W!VIPERFISH|PLATFORMS-SERVER!SYSTEM ASSEMBLY!610005!610005:Pre-FQA!3.06!0.45!2024-02-29 15:29:41!PCIE_DEVPATH_MISSING!^/phys/PE\d/IO0/CDFP/DOWNLINK/VFC3:device:asic!DB03
CTH2408-00613!NPI!100004933201!1182242!1182242-01-2W!VIPERFISH|PLATFORMS-SERVER!SYSTEM ASSEMBLY!610005!610005:Pre-FQA!9.50!1.97!2024-02-28 02:56:18!vfc3_telemetry!value='--' lower_limit='OK' upper_limit=''!DB03
CTH2407-04569!NPI!100004875215!1167688!1167688-B-2W!VIPERFISH|PLATFORMS-SERVER!SYSTEM ASSEMBLY!610005!610005:Pre-FQA!10.54!1.00!2024-02-29 02:16:12!MISSING_MEASUREMENT!Could not find measurements for 1 spec(s).!DB03
CTH2408-03034!NPI!100004933202!1182243!1182243-01-2W!VIPERFISH|PLATFORMS-SERVER!SYSTEM ASSEMBLY!610005!610005:Pre-FQA!8.26!1.03!2024-02-29 01:29:07!TPU_HBM_LANE_REPAIR_FAILED_HARD!Failing Child Step='hbm_lane_repair - HBM Lane Repair Operation';Encountered an error during lane repair action hard tray=0, chip=3, HBM=3: AAPL Runner failed: Error encountered when running lane!DB03
VLSCTH232470601!NPI!100004689680!1131265-04!1131265-04-B-1W!VIPERLITE POD|PLATFORMS-SERVER!PCBA!610005!610005:Pre-FQA!253.61!27.96!2024-02-02 03:19:43!PCIE_DEVPATH_MISSING!!DB03
VFDCTH240802265!NPI!100004914029!1128352-09!1128352-09-B-2W!VIPERFISH|PLATFORMS-SERVER!PCBA!610005!610005:Pre-FQA!8.81!0.52!2024-02-29 13:54:17!PCIE_DEVPATH_MISSING!!DB03
VFDCTH240600561!NPI!100004888820!1128352-09!1128352-09-B-2W!VIPERFISH|PLATFORMS-SERVER!PCBA!610005!610005:Pre-FQA!24.05!15.12!2024-02-14 23:18:26!TPU_HBM_LANE_REPAIR_FAILED_HARD!!DB03
CTH2408-01578!NPI!100004933202!1182243!1182243-01-2W!VIPERFISH|PLATFORMS-SERVER!SYSTEM ASSEMBLY!610005!610005:Pre-FQA!8.44!3.28!2024-02-26 19:34:01!MISSING_MEASUREMENT!Could not find measurements for 1 spec(s).!DB03
CTH2351-70829!NPI!100004868905!1143032!1143032-E-1W!VIPERLITE POD|PLATFORMS-SERVER!SYSTEM ASSEMBLY!610005!610005:Pre-FQA!72.32!21.43!2024-02-08 15:59:26!EXCESSIVE_VX_THERMAL_IMPEDANCE!Failing Child Step='thermal_impedance_with_retry - Diag';Attribute 'vx-thermal-impedance' has 1 violated entries. Violated entries: asic-thermal-impedance!DB03
CTH2407-02747!NPI!100004926465!1182242!1182242-01-2W!VIPERFISH|PLATFORMS-SERVER!SYSTEM ASSEMBLY!610005!610005:Pre-FQA!15.33!3.23!2024-02-26 20:50:32!VX_PV_TGEN_FAILED!Failing Child Step='hbm_tgen_pv - hbm_tgen_pv-run-test';INTERNAL: TC0 is halted before Stop flag was set. Core Status: run_state = 2 pc=332 halted_due_to_instruction=false!DB03
CTH2408-01005!NPI!100004903472!1167688!1167688-B-2W!VIPERFISH|PLATFORMS-SERVER!SYSTEM ASSEMBLY!610005!610005:Pre-FQA!6.72!0.39!2024-02-29 17:00:41!EXCESSIVE_VX_POWER_RUN_STATUS!Failing Child Step='vf_tdp_thermal_impedance_retry_2 - tdp';Attribute 'vx-power-run-status' has 1 violated entries during vx-power-tdp. Violated entries: UNKNOWN_0!DB03
PNGCTH230510989!CTN!100004598260!42000834-12!42000834-12-0B-1W!GRANITE|PLATFORMS-NETWORKING!PCBA!610005!610005:Pre-FQA!392.74!309.04!2023-04-27 01:17:22!005!-!DB06
CTH2408-03474!NPI!100004933202!1182243!1182243-01-2W!VIPERFISH|PLATFORMS-SERVER!SYSTEM ASSEMBLY!610005!610005:Pre-FQA!8.33!0.45!2024-02-29 15:29:46!PCIE_DEVPATH_MISSING!^/phys/PE\d/IO0/CDFP/DOWNLINK/VFC3:device:asic!DB03
CTH2403-01751!NPI!100004875158!1167688!1167688-B-2W!VIPERFISH|PLATFORMS-SERVER!SYSTEM ASSEMBLY!610005!610005:Pre-FQA!42.87!0.45!2024-02-29 15:29:33!VX_DIDT_SWEEP_INCOMPLETE!Failing Child Step='didt_sweep - Diag';Not all results collected in di/dt sweep. Expected:8, Got:3!DB03
CTH2405-00034!NPI!100004888813!1167689!1167689-B-2W!VIPERFISH|PLATFORMS-SERVER!SYSTEM ASSEMBLY!610005!610005:Pre-FQA!31.94!0.51!2024-02-29 14:00:50!PCIE_DEVPATH_MISSING!^/phys/PE\d/IO0/CDFP/DOWNLINK/VFC2:device:asic!DB03
PNGCTH230509172!CTN!100004598259!42000834-12!42000834-12-0B-1W!GRANITE|PLATFORMS-NETWORKING!PCBA!610005!610005:Pre-FQA!383.24!324.53!2023-04-11 13:28:44!005!-!DB06
CTH2407-04760!NPI!100004933201!1182242!1182242-01-2W!VIPERFISH|PLATFORMS-SERVER!SYSTEM ASSEMBLY!610005!610005:Pre-FQA!9.24!2.26!2024-02-27 19:58:15!VX_PV_TGEN_FAILED!Failing Child Step='hbm_tgen_pv - hbm_tgen_pv-run-test';INTERNAL: TC0 is halted before Stop flag was set. Core Status: run_state = 2 pc=353 halted_due_to_instruction=false!DB03
CTH2407-00835!NPI!100004926465!1182242!1182242-01-2W!VIPERFISH|PLATFORMS-SERVER!SYSTEM ASSEMBLY!610005!610005:Pre-FQA!16.53!3.52!2024-02-26 13:47:04!EXCESSIVE_HELLO_VFC_SMARTDIAG!Failing Child Step='hello_vfc - Diag';Attribute 'hello_vfc_smartdiag' has 2 violated entries. Violated entries: HelloTestSuite/HelloTc:CoreDumpCollectCsrsTest/Core0,HelloTestSuite/HelloTc:CoreDum!DB03
CTH2408-06004!NPI!100004888814!1167689!1167689-B-2W!VIPERFISH|PLATFORMS-SERVER!SYSTEM ASSEMBLY!610005!610005:Pre-FQA!3.82!0.10!2024-02-29 23:51:50!HELLO_VFC_SMARTDIAG_ABORTED!Failing Child Step='hello_vfc - Diag';Test command '/export/hda3/tests/hello_vfc_smartdiag/hello_vfc_smartdiag_test_executable.runfiles/google3/platforms/asic_sw/tools/deepsea/vxc/vfc/hello_vfc -!DB03
CTH2408-01128!NPI!100004933201!1182242!1182242-01-2W!VIPERFISH|PLATFORMS-SERVER!SYSTEM ASSEMBLY!610005!610005:Pre-FQA!9.21!0.39!2024-02-29 16:55:19!ebrick_vout!value='12.432' lower_limit='9.18' upper_limit='12.42'!DB03
VFDCTH240703314!NPI!100004903475!1128352-09!1128352-09-B-2W!VIPERFISH|PLATFORMS-SERVER!PCBA!610005!610005:Pre-FQA!13.91!0.17!2024-02-29 22:12:12!vfc_aapl_failed!!DB03
VFDCTH240801984!NPI!100004914028!1128352-09!1128352-09-B-2W!VIPERFISH|PLATFORMS-SERVER!PCBA!610005!610005:Pre-FQA!7.73!0.52!2024-02-29 13:46:26!MISSING_MEASUREMENT!!DB03
VFDCTH240505283!NPI!100004896344!1128352-09!1128352-09-B-2W!VIPERFISH|PLATFORMS-SERVER!PCBA!610005!610005:Pre-FQA!24.96!1.30!2024-02-28 19:06:08!VF_SI_ICI_SERDES_FAIL!!DB03
CTH2408-02729!NPI!100004903472!1167688!1167688-B-2W!VIPERFISH|PLATFORMS-SERVER!SYSTEM ASSEMBLY!610005!610005:Pre-FQA!7.31!0.67!2024-02-29 10:12:58!tpu_error_p5x_execution!Failing Child Step='Tpu Sdc - p5x-execution';Target tray0chip1 Iteration 0, Unable to read results file /data/tmp/tmp7i4ni1i8/tray0chip1/iteration0/golden_comparison_results.textproto, P5x failed!DB03
CTH2408-01082!NPI!100004933201!1182242!1182242-01-2W!VIPERFISH|PLATFORMS-SERVER!SYSTEM ASSEMBLY!610005!610005:Pre-FQA!9.33!2.99!2024-02-27 02:36:20!EXCESSIVE_TGEN_TEST_STATUS!Failing Child Step='hbm_tgen_pv - hbm_tgen_pv-run-test-tdp_no_hbm-bank_stress_normal';Attribute 'tgen-test-status' has 1 violated entries during tgen-bank_stress_normal. Violated entries: block-1!DB03
VFDCTH240601625!NPI!100004896344!1128352-09!1128352-09-B-2W!VIPERFISH|PLATFORMS-SERVER!PCBA!610005!610005:Pre-FQA!17.99!0.21!2024-02-29 21:13:44!VX_POWER_EXECUTION!!DB03
CTH2405-01755!NPI!100004888813!1167689!1167689-B-2W!VIPERFISH|PLATFORMS-SERVER!SYSTEM ASSEMBLY!610005!610005:Pre-FQA!30.96!0.45!2024-02-29 15:24:26!STEP_TIMEOUT_ERROR!Timeout occurred while executing ssh -o ServerAliveInterval=600 -tt root@10.0.0.10 'ulimit -Hn 1048576; ulimit -Sn 1048576; gcontain enter /; /fish/voodoo/jobhandlers/viperfishist_jobhandler_stan!DB03
CTH2351-70830!NPI!100004868905!1143032!1143032-E-1W!VIPERLITE POD|PLATFORMS-SERVER!SYSTEM ASSEMBLY!610005!610005:Pre-FQA!72.32!30.79!2024-01-30 07:14:49!EXCESSIVE_VX_THERMAL_IMPEDANCE!Failing Child Step='thermal_impedance_with_retry - Diag';Attribute 'vx-thermal-impedance' has 1 violated entries. Violated entries: asic-thermal-impedance!DB03
VFDCTH240800313!NPI!100004914029!1128352-09!1128352-09-B-2W!VIPERFISH|PLATFORMS-SERVER!PCBA!610005!610005:Pre-FQA!10.29!0.52!2024-02-29 13:44:00!vfc2_telemetry!!DB03
CTH2347-72539!NPI!100004823674!1143032!1143032-E-1W!VIPERLITE POD|PLATFORMS-SERVER!SYSTEM ASSEMBLY!610005!610005:Pre-FQA!92.76!78.65!2023-12-13 10:34:54!EXCESSIVE_VX_THERMAL_IMPEDANCE!Failing Child Step='thermal_impedance_with_retry - Diag';Attribute 'vx-thermal-impedance' has 1 violated entries. Violated entries: asic-thermal-impedance!DB06
EATCTH240700695!NPI!100004925654!1148199!1148199-0B-1D!ENDURANCE|PLATFORMS-NETWORKING!PCBA!610005!610005:Pre-FQA!6.90!1.74!2024-02-28 08:36:02!smbpbi_tgp_limit_err!(SmbpbiError)_;(I2cToolsError)_Error_while_executing_the_i2ctransfer_command;(HostCommandError)_Send_command_failure:_/usr/sbin/i2ctransfer_y_12_w6_0x46_0x5C_0x04_0x05_0x14_0x00_0x80_(error:_Error:_Se!DB06
CTH2408-02009!NPI!100004903472!1167688!1167688-B-2W!VIPERFISH|PLATFORMS-SERVER!SYSTEM ASSEMBLY!610005!610005:Pre-FQA!7.01!0.61!2024-02-29 11:40:59!EXCESSIVE_VX_POWER_RUN_STATUS!Failing Child Step='vf_tdp_thermal_impedance_retry_2 - tdp';Attribute 'vx-power-run-status' has 1 violated entries during vx-power-tdp. Violated entries: UNKNOWN_0!DB03
CTH2351-70833!NPI!100004868905!1143032!1143032-E-1W!VIPERLITE POD|PLATFORMS-SERVER!SYSTEM ASSEMBLY!610005!610005:Pre-FQA!72.32!0.77!2024-02-29 07:45:12!EXCESSIVE_VX_THERMAL_IMPEDANCE!Failing Child Step='thermal_impedance_with_retry - Diag';Attribute 'vx-thermal-impedance' has 1 violated entries. Violated entries: asic-thermal-impedance!DB06
CTH2406-00501!NPI!100004924063!1182242!1182242-01-2W!VIPERFISH|PLATFORMS-SERVER!SYSTEM ASSEMBLY!610005!610005:Pre-FQA!21.73!1.11!2024-02-28 23:46:03!EXCESSIVE_TGEN_TEST_STATUS!Failing Child Step='hbm_tgen_pv - hbm_tgen_pv-run-test-tdp_no_hbm-bank_stress_normal';Attribute 'tgen-test-status' has 1 violated entries during tgen-bank_stress_normal. Violated entries: block-6!DB03
CTH2408-03182!NPI!100004933202!1182243!1182243-01-2W!VIPERFISH|PLATFORMS-SERVER!SYSTEM ASSEMBLY!610005!610005:Pre-FQA!8.01!1.21!2024-02-28 21:19:35!VXC_RESTORE_HBM_FAILED!Failing Child Step='hbm_tgen_pv - hbm_tgen_pv';VxC HBM Configuration failed: Command /export/hda3/tests/vf_hwqual_setup_fabs/vf_hbm -id 3 -reset --noenvelope_enabled failed. Output:;STDERR: E0221!DB03
CTH2408-01973!NPI!100004903472!1167688!1167688-B-2W!VIPERFISH|PLATFORMS-SERVER!SYSTEM ASSEMBLY!610005!610005:Pre-FQA!7.02!0.06!2024-03-01 00:47:09!TPU_FAIL_SEAWORTHY!Failing Child Step='seaworthy_margin_up [Voltage Margin UP] - seaworthy-execution';Seaworthy failed with non-zero exit code.;Seed: viperfishist0;Chip: (none):pe0:3 failed 1 fish tests!DB03
VFDCTH240703847!NPI!100004914029!1128352-09!1128352-09-B-2W!VIPERFISH|PLATFORMS-SERVER!PCBA!610005!610005:Pre-FQA!13.75!0.55!2024-02-29 13:03:09!TPU_PCIE_RUN_LOAD_ERROR!!DB03
CTH2408-02053!NPI!100004903472!1167688!1167688-B-2W!VIPERFISH|PLATFORMS-SERVER!SYSTEM ASSEMBLY!610005!610005:Pre-FQA!7.01!0.45!2024-02-29 15:33:53!VX_PV_TGEN_FAILED!Failing Child Step='hbm_tgen_pv - hbm_tgen_pv-run-test';INTERNAL: TC1 is halted before Stop flag was set. Core Status: run_state = 2 pc=366 halted_due_to_instruction=false!DB03
CTH2408-00338!NPI!100004933201!1182242!1182242-01-2W!VIPERFISH|PLATFORMS-SERVER!SYSTEM ASSEMBLY!610005!610005:Pre-FQA!9.85!1.90!2024-02-28 04:45:23!vfc1_telemetry!value='--' lower_limit='OK' upper_limit=''!DB03
CTH2351-00017!NPI!100004873407!1167688!1167688-B-2W!VIPERFISH|PLATFORMS-SERVER!SYSTEM ASSEMBLY!610005!610005:Pre-FQA!72.99!2.94!2024-02-27 03:39:04!osfp_send_command_error!(HostCommandError) Send command failure: /fish/tools/vf_osfp_reg --gbmc_host='[fe80::a0d5:9dff:fe6c:6e6a%gbmcbr]' --gbmc_port=54321 --loas2=false --tpu_chip=1 --ici_port=2 --write --value=0xc0 --!DB03
VFDCTH240803383!NPI!100004914029!1128352-09!1128352-09-B-2W!VIPERFISH|PLATFORMS-SERVER!PCBA!610005!610005:Pre-FQA!8.30!0.54!2024-02-29 13:17:20!VX_POWER_EXECUTION!!DB03
