CTH2350-11863!NPI!100004846255!1143032!1143032-E-2W!VIPERLITE POD|PLATFORMS-SERVER!SYSTEM ASSEMBLY!610005!610005:Pre-FQA!70.08!67.37!2023-12-22 23:17:36!UNEXPECTED_EXCEPTION!AttributeError: type object 'GetOsfpLoopbackInsertionCountSettings' has no attribute 'should_skip'!NDF
CTH2346-02936!NPI!100004830192!1137082!1137082-06-1W!VIPERFISH|PLATFORMS-SERVER!SYSTEM ASSEMBLY!610005!610005:Pre-FQA!97.88!12.48!2024-02-15 20:32:22!vf_loopbacks_fab_failed!Failing Child Step='vf_loopback_external - Diag';Test command '/export/hda3/tests/vf_loopback_fabs/vf_loopback_fabs_test_executable.runfiles/google3/platforms/asic_sw/tools/deepsea/vxc/vfc/vf_loo!NDF
CTH2408-03187!NPI!100004933202!1182243!1182243-01-2W!VIPERFISH|PLATFORMS-SERVER!SYSTEM ASSEMBLY!610005!610005:Pre-FQA!6.20!5.06!2024-02-23 06:39:41!VOODOO_UNEXPECTED_EXCEPTION!ERROR while executing run_step() in VxStandaloneVoodoo;(IndexError) list index out of range!NDF
ANPCTH240700929!NPI!100004912814!1138896-04!1138896-04-01-2D!ASAKA|PLATFORMS-NETWORKING!PCBA!610005!610005:Pre-FQA!5.58!0.22!2024-02-28 02:54:07!PCIE_LINK!pcie_link_width:value_0:lower_16:upper_16!NDF
CTH2338-01913!NPI!100004770434!1137082!1137082-06-1W!VIPERFISH|PLATFORMS-SERVER!SYSTEM ASSEMBLY!610005!610005:Pre-FQA!148.80!61.76!2023-12-28 13:56:39!PCIE_DEVPATH_MISSING!^/phys/PE\d/IO0/CDFP/DOWNLINK/VFC2:device:asic!NDF
PDFCTH224204942!CTN!DUMMY1125366!1125366-05!1125366-05-01-1W!DIORITE|PLATFORMS-NETWORKING!PCBA!610005!610005:Pre-FQA!309.98!309.23!2023-04-25 02:33:43!USB_NOT_DETECTED!usb_count_0!NDF
CTH2406-00355!NPI!100004888814!1167689!1167689-B-2W!VIPERFISH|PLATFORMS-SERVER!SYSTEM ASSEMBLY!610005!610005:Pre-FQA!21.61!4.55!2024-02-23 18:59:33!TPU_FAIL_PCIE_THROUGHPUT!Failing Child Step='pci_throughput_aer_with_retry - Check Chip PCIe Total Throughput';/phys/PE0/IO0/CDFP/DOWNLINK/VFC3:device:asic: Checking total throughput: actual 37566662645, min 40000000000!NDF
ANPCTH240701107!NPI!100004912814!1138896-04!1138896-04-01-2D!ASAKA|PLATFORMS-NETWORKING!PCBA!610005!610005:Pre-FQA!4.94!0.14!2024-02-28 04:52:42!PCIE_LINK!pcie_link_width:value_1:lower_16:upper_16!NDF
CTH2408-03248!NPI!100004933202!1182243!1182243-01-2W!VIPERFISH|PLATFORMS-SERVER!SYSTEM ASSEMBLY!610005!610005:Pre-FQA!6.17!5.02!2024-02-23 07:36:19!VF_SI_ICI_SERDES_FAIL!OSFP0!NDF
PDFCTH234305119!NPI!100004793382!1125367-06!1125367-06-B-2W!DIORITE|PLATFORMS-NETWORKING!ASSEMBLY!610005!610005:Pre-FQA!123.48!105.87!2023-11-14 11:19:09!FAN_CONTROL!fan_pwm_50:value_0:lower_5000:upper_11000!NDF
CTH2407-05562!NPI!100004933201!1182242!1182242-01-2W!VIPERFISH|PLATFORMS-SERVER!SYSTEM ASSEMBLY!610005!610005:Pre-FQA!7.23!5.72!2024-02-22 14:54:25!EXCESSIVE_VX_POWER_RUN_STATUS!Failing Child Step='vf_tdp_thermal_impedance_retry_2 - tdp';Attribute 'vx-power-run-status' has 1 violated entries during vx-power-tdp. Violated entries: UNKNOWN_0!NDF
CTH2408-01084!NPI!100004933201!1182242!1182242-01-2W!VIPERFISH|PLATFORMS-SERVER!SYSTEM ASSEMBLY!610005!610005:Pre-FQA!7.58!5.60!2024-02-22 17:46:09!VF_SI_ICI_SERDES_FAIL!OSFP14!NDF
CTH2341-70406!NPI!100004799993!1154690!1154690-04-5D!GHOSTLITE POD|PLATFORMS-SERVER!!610005!610005:Pre-FQA!135.95!0.51!2024-02-27 19:49:35!adp1050_firmware_update_error!(MSVPackageInstallError) Error while installing package using script /var/lib/msv-packages/firmware-adp1050/ghostlite/post-install.sh;(HostCommandError) Send command failure: /var/lib/msv-package!NDF
CTH2406-00565!NPI!100004924125!1182242!1182242-01-2W!VIPERFISH|PLATFORMS-SERVER!SYSTEM ASSEMBLY!610005!610005:Pre-FQA!19.96!9.18!2024-02-19 03:43:40!STEP_TIMEOUT_ERROR!Timeout occurred while executing ssh -o ServerAliveInterval=600 -tt root@10.0.0.12 'ulimit -Hn 1048576; ulimit -Sn 1048576; gcontain enter /; /fish/voodoo/jobhandlers/viperfishist_jobhandler_stan!NDF
CTH2408-03409!NPI!100004933202!1182243!1182243-01-2W!VIPERFISH|PLATFORMS-SERVER!SYSTEM ASSEMBLY!610005!610005:Pre-FQA!5.99!4.78!2024-02-23 13:26:58!vf_loopbacks_fab_failed!Failing Child Step='vf_loopback_external - Diag';Test command '/export/hda3/tests/vf_loopback_fabs/vf_loopback_fabs_test_executable.runfiles/google3/platforms/asic_sw/tools/deepsea/vxc/vfc/vf_loo!NDF
CTH2408-04831!NPI!100004888814!1167689!1167689-B-2W!VIPERFISH|PLATFORMS-SERVER!SYSTEM ASSEMBLY!610005!610005:Pre-FQA!2.24!1.01!2024-02-27 07:48:53!VF_SI_ICI_SERDES_FAIL!OSFP1!NDF
CTH2408-01798!NPI!100004933202!1182243!1182243-01-2W!VIPERFISH|PLATFORMS-SERVER!SYSTEM ASSEMBLY!610005!610005:Pre-FQA!5.59!2.18!2024-02-26 03:45:29!VF_SI_ICI_SERDES_FAIL!OSFP10!NDF
EFBCTH233200586!NPI!100004731073!1134095-05!1134095-05-03-1D!ENDURANCE|PLATFORMS-NETWORKING!PCBA!610005!610005:Pre-FQA!201.21!43.94!2024-01-15 09:30:54!ICT_FAIL!Failed : c3056!NDF
EFBCTH240300236!NPI!100004892244!1157320-01!1157320-01-0A-1W!ENDURANCE|PLATFORMS-NETWORKING!PCBA!610005!610005:Pre-FQA!43.78!12.51!2024-02-15 19:49:28!pe1_prsnt_l_gpio_status!value_1_lower_limit_0_upper_limit_!NDF
CTH2346-00490!NPI!100004799924!1137082!1137082-06-1W!VIPERFISH|PLATFORMS-SERVER!SYSTEM ASSEMBLY!610005!610005:Pre-FQA!105.01!67.36!2023-12-22 23:24:55!VF_SI_ICI_SERDES_FAIL!OSFP8!NDF
TESCTH240800448!PRM!100004903013!1048338-06!1048338-06-0B-6W!TAYGETA|PLATFORMS-NETWORKING!SYSTEM ASSEMBLY!610005!610005:Pre-FQA!0.54!0.01!2024-02-28 08:00:30!POWER_CYCLE_UUT!_tERROR:_DetectUnit_Unit_not_detected_!NDF
ANPCTH240602990!NPI!100004912814!1138896-04!1138896-04-01-2D!ASAKA|PLATFORMS-NETWORKING!PCBA!610005!610005:Pre-FQA!4.91!0.22!2024-02-28 02:52:42!DUT_POWER_UP!measure_dut_input_voltage:value_72:lower_12000:upper_!NDF
PDFCTH240617137!NPI!100004905448!1125366-06!1125366-06-A-3W!DIORITE|PLATFORMS-NETWORKING!ASSEMBLY!610005!610005:Pre-FQA!15.32!15.04!2024-02-13 07:13:15!NETBOOT_DRAM!Unable_to_DHCP_IP_lease!NDF
CTH2408-00292!NPI!100004933201!1182242!1182242-01-2W!VIPERFISH|PLATFORMS-SERVER!SYSTEM ASSEMBLY!610005!610005:Pre-FQA!8.13!1.68!2024-02-26 15:54:34!STETHOSCOPE_STOP_ERROR!Failing Child Step='vf_tdp_thermal_impedance_retry_2 - Stop Stethoscope';Error stopping Stethoscope: sensor data exceed thresholds or have no readings!NDF
ANPCTH240700583!NPI!100004912814!1138896-04!1138896-04-01-2D!ASAKA|PLATFORMS-NETWORKING!PCBA!610005!610005:Pre-FQA!7.02!0.01!2024-02-28 07:50:25!DUT_POWER_UP!measure_dut_input_voltage:value_76:lower_12000:upper_!NDF
CTH2406-00517!NPI!100004924063!1182242!1182242-01-2W!VIPERFISH|PLATFORMS-SERVER!SYSTEM ASSEMBLY!610005!610005:Pre-FQA!19.98!7.07!2024-02-21 06:24:59!VF_SI_ICI_SERDES_FAIL!OSFP5!NDF
CTH2408-00570!NPI!100004933201!1182242!1182242-01-2W!VIPERFISH|PLATFORMS-SERVER!SYSTEM ASSEMBLY!610005!610005:Pre-FQA!7.88!2.01!2024-02-26 07:53:26!STEP_TIMEOUT_ERROR!Timeout occurred while executing ssh -o ServerAliveInterval=600 -tt root@10.0.0.8 'ulimit -Hn 1048576; ulimit -Sn 1048576; gcontain enter /; /fish/voodoo/jobhandlers/viperfishist_jobhandler_stand!NDF
ANPCTH240700315!NPI!100004912814!1138896-04!1138896-04-01-2D!ASAKA|PLATFORMS-NETWORKING!PCBA!610005!610005:Pre-FQA!4.91!0.24!2024-02-28 02:25:18!QSFP_EEPROM!Exception_while_reading_the_QSFP_EEPROM.Read_QSFP_EEPROM_has_failed._Found_the_message_cannot_read_FRU_memory_from_offset_0_size_32:_remote_I/O_error_.!NDF
CTH2408-05983!NPI!100004888814!1167689!1167689-B-2W!VIPERFISH|PLATFORMS-SERVER!SYSTEM ASSEMBLY!610005!610005:Pre-FQA!2.07!1.01!2024-02-27 07:49:01!VF_SI_ICI_SERDES_FAIL!OSFP4!NDF
PNGCTH224716021!NPI!100004571691!1139339-03!1139339-03-01-2D!GRANITE|PLATFORMS-NETWORKING!PCBA!610005!610005:Pre-FQA!390.24!390.24!2023-02-03 02:27:26!ICT_FAIL!Failed : 1%r66/Measured: 1.4406k!NDF
TESCTH240800357!PRM!100004903013!1048338-06!1048338-06-0B-6W!TAYGETA|PLATFORMS-NETWORKING!SYSTEM ASSEMBLY!610005!610005:Pre-FQA!0.60!0.00!2024-02-28 08:00:52!POWER_CYCLE_UUT!_tERROR:_DetectUnit_Unit_not_detected_!NDF
TESCTH240800081!PRM!100004903013!1048338-06!1048338-06-0B-6W!TAYGETA|PLATFORMS-NETWORKING!SYSTEM ASSEMBLY!610005!610005:Pre-FQA!0.99!0.01!2024-02-28 08:00:02!NO_BOOT!_tERROR:_DetectUnit_Unit_not_detected_!NDF
CTH2408-01788!NPI!100004933202!1182243!1182243-01-2W!VIPERFISH|PLATFORMS-SERVER!SYSTEM ASSEMBLY!610005!610005:Pre-FQA!5.57!0.20!2024-02-28 03:21:43!VF_SI_ICI_SERDES_FAIL!OSFP13!NDF
MSHCTH240800156!NPI!100004893959!1101516-04!1101516-04-0B-3W!MAKOSHARK|PLATFORMS-NETWORKING!PCBA!610005!610005:Pre-FQA!1.13!0.06!2024-02-28 06:45:38!SAT_STRESS_TEST!tERROR:_SAT_Stress_Test_[FAILED]_Found_Status:_FAIL_in_the_response!NDF
AMPCTH235100021!NPI!100004867377!1156402!1156402-02-1D!ASAKA|PLATFORMS-NETWORKING!!610005!610005:Pre-FQA!67.78!18.35!2024-02-09 23:44:56!TYPE_ERROR_EXCEPTION!Caught_TypeError_exception._Traceback_(most_recent_call_last):_File_/home/testusr/Asaka/Scripts/asaka_test/asaka_bft_lite/opentest/core/process_plan.py_line_2113_in_run_step_handler_callback_raise_exc!NDF
CTH2408-00980!NPI!100004888814!1167689!1167689-B-2W!VIPERFISH|PLATFORMS-SERVER!SYSTEM ASSEMBLY!610005!610005:Pre-FQA!5.17!1.65!2024-02-26 16:34:50!SENSOR_READ_ERROR!(BaseTrayError) Error while reading the sensors list;(IpmiToolError) Error while executing the read_sensors command;(HostCommandError) Send command failure: /usr/bin/ipmitool sensor (error: Error!NDF
ANPCTH240700323!NPI!100004912814!1138896-04!1138896-04-01-2D!ASAKA|PLATFORMS-NETWORKING!PCBA!610005!610005:Pre-FQA!4.92!0.13!2024-02-28 04:57:52!DUT_SSH_SETUP!Exception_while_Reestablish_Network_[Errno_None]_Unable_to_connect_to_port_22_on_1010::badb:38ff:fe88:f87e!NDF
ANPCTH240700540!NPI!100004912814!1138896-04!1138896-04-01-2D!ASAKA|PLATFORMS-NETWORKING!PCBA!610005!610005:Pre-FQA!7.02!0.00!2024-02-28 08:01:48!DUT_POWER_UP!measure_dut_input_voltage:value_80:lower_12000:upper_!NDF
CTH2409-70564!NPI!100004931270!1143032!1143032-E-1W!VIPERLITE POD|PLATFORMS-SERVER!SYSTEM ASSEMBLY!610005!610005:Pre-FQA!0.72!0.05!2024-02-28 06:50:17!TASK_EXCEPTION__INACTIVERPCERROR!Failing Child Step='thermal_impedance_with_retry - Diag';<_InactiveRpcError of RPC that terminated with:;	status = StatusCode.UNIMPLEMENTED;	details = "fan: /phys/PE3/CDFP/DOWNLINK/FAN0:device:fa!NDF
CTH2408-01813!NPI!100004933202!1182243!1182243-01-2W!VIPERFISH|PLATFORMS-SERVER!SYSTEM ASSEMBLY!610005!610005:Pre-FQA!5.71!4.71!2024-02-23 15:11:08!osfp_send_command_error!(HostCommandError) Send command failure: /fish/tools/vf_osfp_reg --gbmc_host='[fe80::a0d5:9dff:fe6c:6e6a%gbmcbr]' --gbmc_port=54321 --loas2=false --tpu_chip=3 --ici_port=2 --read --offset=200 (er!NDF
CTH2407-01939!NPI!100004933202!1182243!1182243-01-2W!VIPERFISH|PLATFORMS-SERVER!SYSTEM ASSEMBLY!610005!610005:Pre-FQA!6.16!5.13!2024-02-23 05:03:46!VF_SI_ICI_SERDES_FAIL!OSFP12!NDF
CTH2408-00920!NPI!100004933202!1182243!1182243-01-2W!VIPERFISH|PLATFORMS-SERVER!SYSTEM ASSEMBLY!610005!610005:Pre-FQA!5.92!4.45!2024-02-23 21:21:58!host_tray_command_error!(HostCommandError) Send command failure: /fish/tools/vf_reg --noenvelope_enabled --grpc_chip_use_loas2=false -mode rpc -server dns:///[fe80::a0d5:9dff:fe6c:6e6a%gbmcbr]:5000 -write -like CHIP_PWR!NDF
CTH2408-00995!NPI!100004888814!1167689!1167689-B-2W!VIPERFISH|PLATFORMS-SERVER!SYSTEM ASSEMBLY!610005!610005:Pre-FQA!5.16!1.48!2024-02-26 20:32:39!VF_SI_ICI_SERDES_FAIL!OSFP11!NDF
CTH2408-06141!NPI!100004888814!1167689!1167689-B-2W!VIPERFISH|PLATFORMS-SERVER!SYSTEM ASSEMBLY!610005!610005:Pre-FQA!1.98!0.71!2024-02-27 15:06:46!VF_SI_ICI_SERDES_FAIL!OSFP13!NDF
ANPCTH240700320!NPI!100004912814!1138896-04!1138896-04-01-2D!ASAKA|PLATFORMS-NETWORKING!PCBA!610005!610005:Pre-FQA!4.91!0.24!2024-02-28 02:15:26!QSFP_EEPROM!Exception_while_reading_the_QSFP_EEPROM.Read_QSFP_EEPROM_has_failed._Found_the_message_cannot_read_FRU_memory_from_offset_0_size_32:_remote_I/O_error_.!NDF
BNSCTH240800586!NPI!100004919950!1118423-09!1118423-09-0D-3W!BRIXIA|PLATFORMS-NETWORKING!SYSTEM ASSEMBLY!610005!610005:Pre-FQA!2.26!0.07!2024-02-28 06:30:21!DIAG_PSU_TEST_LT_LV_1!PSU_Test_Fail:_[_Found_unexpect_string_in_response:_ERROR_]!NDF
VOUCTH240400179!CTN!100004892753!1096450-03!1096450-03-A-3W!VUMI|PLATFORMS-SERVER!PCBA!610005!610005:Pre-FQA!34.06!32.05!2024-01-27 07:01:24!VERIFY_OSFP_PORT_5![FAILED]_OSFP5_Power_read:_23.996_out_of_range:21.66_W_23.94_W!NDF
MSHCTH240800569!NPI!100004893959!1101516-04!1101516-04-0B-3W!MAKOSHARK|PLATFORMS-NETWORKING!PCBA!610005!610005:Pre-FQA!1.12!0.06!2024-02-28 06:46:26!SAT_STRESS_TEST!tERROR:_SAT_Stress_Test_[FAILED]_Found_Status:_FAIL_in_the_response!NDF
TESCTH240800022!PRM!100004903013!1048338-06!1048338-06-0B-6W!TAYGETA|PLATFORMS-NETWORKING!SYSTEM ASSEMBLY!610005!610005:Pre-FQA!1.25!0.01!2024-02-28 07:59:51!SelfTest_CheckLoopBack!_tERROR:_selftest/ta/fi/qxt/0x0002/1_ERROR:_0:cd28.1_[_9.4e_06_]_!NDF
PDFCTH233501001!NPI!DUMMY1125366_2!1125367-06!1125367-06-B-1W!DIORITE|PLATFORMS-NETWORKING!PCBA!610005!610005:Pre-FQA!148.96!132.93!2023-10-18 09:41:44!QSFP_PRBS_LAUNCH!Exception_while_launching_the_QSFP_PRBS_test:_Timeout_opening_channel.!NDF
CTH2408-03152!NPI!100004933202!1182243!1182243-01-2W!VIPERFISH|PLATFORMS-SERVER!SYSTEM ASSEMBLY!610005!610005:Pre-FQA!6.26!5.01!2024-02-23 07:55:37!VF_SI_ICI_SERDES_FAIL!OSFP6!NDF
CTH2408-00451!NPI!100004933201!1182242!1182242-01-2W!VIPERFISH|PLATFORMS-SERVER!SYSTEM ASSEMBLY!610005!610005:Pre-FQA!7.98!0.82!2024-02-27 12:22:45!VF_SI_ICI_SERDES_FAIL!OSFP5!NDF
MSHCTH240800567!NPI!100004893959!1101516-04!1101516-04-0B-3W!MAKOSHARK|PLATFORMS-NETWORKING!PCBA!610005!610005:Pre-FQA!1.12!0.06!2024-02-28 06:47:13!VALIDATE_USB3.0_INTERFACE_TEST!tERROR:_Validate_USB3.0_Interface_Test_[FAILED]_USB4:_Port_1_Dev_2_Expected:_5000_M_Got:_480_M!NDF
CTH2406-03769!NPI!100004888814!1167689!1167689-B-2W!VIPERFISH|PLATFORMS-SERVER!SYSTEM ASSEMBLY!610005!610005:Pre-FQA!19.22!6.20!2024-02-22 03:13:21!GSYS_DETECT_UUT_ERROR!Failed to detect UUT after restarting Gsys!NDF
CTH2408-03273!NPI!100004933202!1182243!1182243-01-2W!VIPERFISH|PLATFORMS-SERVER!SYSTEM ASSEMBLY!610005!610005:Pre-FQA!6.15!5.11!2024-02-23 05:25:18!TPU_FAIL_PCIE_THROUGHPUT!Failing Child Step='pci_throughput_aer_with_retry - Check Chip PCIe Total Throughput';/phys/PE0/IO0/CDFP/DOWNLINK/VFC1:device:asic: Checking total throughput: actual 27839512097, min 40000000000!NDF
CTH2408-02964!NPI!100004933202!1182243!1182243-01-2W!VIPERFISH|PLATFORMS-SERVER!SYSTEM ASSEMBLY!610005!610005:Pre-FQA!6.28!4.77!2024-02-23 13:37:48!VF_SI_ICI_SERDES_FAIL!OSFP4!NDF
PDFCTH240600286!NPI!100004916883!1158718-02!1158718-02-01-2D!DIORITE|PLATFORMS-NETWORKING!ASSEMBLY!610005!610005:Pre-FQA!18.60!18.56!2024-02-09 18:39:13!Check_MAC_address_matched_with_SFC_system!value_None_lower_limit_D4:3A:2C:FA:D7:DC_upper_limit_!NDF
AMPCTH235100059!NPI!100004867377!1156402!1156402-02-1D!ASAKA|PLATFORMS-NETWORKING!!610005!610005:Pre-FQA!67.74!18.38!2024-02-09 23:07:28!CN_boot_failure!Failed_to_login_to_CN_after_booting!NDF
ETNCTH235100211!NPI!100004856309!1119328-04!1119328-04-0A-1W!ENDURANCE|PLATFORMS-NETWORKING!PCBA!610005!610005:Pre-FQA!71.45!22.61!2024-02-05 17:31:01!fpga_erot_hgx_present!!NDF
ANPCTH240700314!NPI!100004912814!1138896-04!1138896-04-01-2D!ASAKA|PLATFORMS-NETWORKING!PCBA!610005!610005:Pre-FQA!4.91!0.24!2024-02-28 02:26:00!QSFP_EEPROM!Exception_while_reading_the_QSFP_EEPROM.Read_QSFP_EEPROM_has_failed._Found_the_message_cannot_read_FRU_memory_from_offset_0_size_32:_remote_I/O_error_.!NDF
ANPCTH240700923!NPI!100004912814!1138896-04!1138896-04-01-2D!ASAKA|PLATFORMS-NETWORKING!PCBA!610005!610005:Pre-FQA!4.87!0.23!2024-02-28 02:29:34!DUT_POWER_UP!measure_dut_input_voltage:value_76:lower_12000:upper_!NDF
CTH2408-03255!NPI!100004933202!1182243!1182243-01-2W!VIPERFISH|PLATFORMS-SERVER!SYSTEM ASSEMBLY!610005!610005:Pre-FQA!6.16!5.03!2024-02-23 07:23:57!PCIE_VFC1_WIDTH!value='x8' lower_limit='x16' upper_limit=''!NDF
CTH2408-05979!NPI!100004888814!1167689!1167689-B-2W!VIPERFISH|PLATFORMS-SERVER!SYSTEM ASSEMBLY!610005!610005:Pre-FQA!2.07!1.01!2024-02-27 07:48:48!PCIE_DEVPATH_MISSING!^/phys/PE\d/IO0/CDFP/DOWNLINK/VFC0:device:asic!NDF
CTH2407-04895!NPI!100004933201!1182242!1182242-01-2W!VIPERFISH|PLATFORMS-SERVER!SYSTEM ASSEMBLY!610005!610005:Pre-FQA!7.67!1.52!2024-02-26 19:38:32!STETHOSCOPE_STOP_ERROR!Failing Child Step='vf_tdp_thermal_impedance_retry_2 - Stop Stethoscope';Error stopping Stethoscope: sensor data exceed thresholds or have no readings!NDF
CTH2406-01831!NPI!100004752497!1144101!1144101-04-1W!VIPERFISH|PLATFORMS-SERVER!SYSTEM ASSEMBLY!610005!610005:Pre-FQA!18.06!15.46!2024-02-12 21:00:28!STEP_TIMEOUT_ERROR!Timeout occurred while executing ssh -o ServerAliveInterval=600 -tt root@10.0.0.2 'ulimit -Hn 1048576; ulimit -Sn 1048576; gcontain enter /; /fish/voodoo/jobhandlers/viperfishist_jobhandler_stand!NDF
ANPCTH240700480!NPI!100004912814!1138896-04!1138896-04-01-2D!ASAKA|PLATFORMS-NETWORKING!PCBA!610005!610005:Pre-FQA!4.93!0.10!2024-02-28 05:38:57!DUT_POWER_UP!measure_dut_input_voltage:value_76:lower_12000:upper_!NDF
CTH2403-06453!NPI!100004875198!1167688!1167688-B-2W!VIPERFISH|PLATFORMS-SERVER!SYSTEM ASSEMBLY!610005!610005:Pre-FQA!38.07!28.42!2024-01-30 22:01:14!EXCESSIVE_HELLO_VFC_SMARTDIAG!Failing Child Step='hello_vfc - Diag';Attribute 'hello_vfc_smartdiag' has 2 violated entries. Violated entries: HelloTestSuite/HelloTc:CoreDumpCollectCsrsTest/Core0,HelloTestSuite/HelloTc:CoreDum!DB03
VFDCTH240603550!NPI!100004912592!1128352-09!1128352-09-B-2W!VIPERFISH|PLATFORMS-SERVER!PCBA!610005!610005:Pre-FQA!17.65!11.47!2024-02-16 20:46:31!TPU_HBM_LANE_REPAIR_FAILED_HARD!!DB03
CTH2408-00686!NPI!100004888814!1167689!1167689-B-2W!VIPERFISH|PLATFORMS-SERVER!SYSTEM ASSEMBLY!610005!610005:Pre-FQA!6.80!1.13!2024-02-27 05:00:20!tpu_error_p5x_execution!Failing Child Step='Tpu Sdc - p5x-execution';Target tray0chip1 Iteration 0, Unable to read results file /data/tmp/tmpwdexby7p/tray0chip1/iteration0/golden_comparison_results.textproto, P5x failed!DB03
CTH2408-01085!NPI!100004933201!1182242!1182242-01-2W!VIPERFISH|PLATFORMS-SERVER!SYSTEM ASSEMBLY!610005!610005:Pre-FQA!7.58!0.30!2024-02-28 00:59:17!tpu_fail_p5x!Failing Child Step='Tpu Sdc - p5x-execution';Target tray0chip1 Iteration 0, Detected XLA SDC at step 3373. Golden step count is 79357. Actual XLA train duration was 1824.8592529296875s while gold!DB03
CTH2404-04778!NPI!100004888812!1167689!1167689-B-2W!VIPERFISH|PLATFORMS-SERVER!SYSTEM ASSEMBLY!610005!610005:Pre-FQA!32.62!0.73!2024-02-27 14:43:07!EXCESSIVE_SEAWORTHY_TEST_RESULTS!Failing Child Step='seaworthy_margin_up [Voltage Margin UP] - seaworthy_iteration_0';Attribute 'seaworthy-test-results' has 3 violated entries during seaworthy. Violated entries: SeaworthyTest.Al!DB03
VFDCTH240601206!NPI!100004896344!1128352-09!1128352-09-B-2W!VIPERFISH|PLATFORMS-SERVER!PCBA!610005!610005:Pre-FQA!22.58!11.27!2024-02-17 01:36:23!005!!DB03
CTH2405-04650!NPI!100004888813!1167689!1167689-B-2W!VIPERFISH|PLATFORMS-SERVER!SYSTEM ASSEMBLY!610005!610005:Pre-FQA!28.15!1.21!2024-02-27 03:02:14!pcie_vfc0_width!value='x8' lower_limit='x16' upper_limit=''!DB03
CTH2408-01642!NPI!100004888814!1167689!1167689-B-2W!VIPERFISH|PLATFORMS-SERVER!SYSTEM ASSEMBLY!610005!610005:Pre-FQA!6.78!0.26!2024-02-28 01:52:13!vfc_aapl_failed!Failing Child Step='hbm_aapl - hbm_aapl';AAPL Runner failed: Error encountered when running AAPL on tray=0 chip=0 HBM=4: /export/hda3/tests/vx_aapl_fabs/aapl hbm -id && /export/hda3/tests/vx_aapl!DB03
VFDCTH240704848!NPI!100004914028!1128352-09!1128352-09-B-2W!VIPERFISH|PLATFORMS-SERVER!PCBA!610005!610005:Pre-FQA!8.73!0.70!2024-02-27 15:23:22!ebrick_vout!!DB03
VFDCTH240505283!NPI!100004896344!1128352-09!1128352-09-B-2W!VIPERFISH|PLATFORMS-SERVER!PCBA!610005!610005:Pre-FQA!23.20!2.19!2024-02-26 03:32:58!VF_SI_ICI_SERDES_FAIL!!DB03
VFDCTH240802021!NPI!100004914028!1128352-09!1128352-09-B-2W!VIPERFISH|PLATFORMS-SERVER!PCBA!610005!610005:Pre-FQA!5.79!0.34!2024-02-28 00:04:12!VX_PV_TGEN_FAILED!!DB03
CTH2408-00584!NPI!100004933201!1182242!1182242-01-2W!VIPERFISH|PLATFORMS-SERVER!SYSTEM ASSEMBLY!610005!610005:Pre-FQA!7.88!0.51!2024-02-27 19:53:54!tpu_error_p5x_execution!Failing Child Step='Tpu Sdc - p5x-execution';Target tray0chip3 Iteration 0, Unable to read results file /data/tmp/tmpmmobv141/tray0chip3/iteration0/golden_comparison_results.textproto, P5x failed!DB03
CTH2405-01595!NPI!100004888813!1167689!1167689-B-2W!VIPERFISH|PLATFORMS-SERVER!SYSTEM ASSEMBLY!610005!610005:Pre-FQA!29.24!0.73!2024-02-27 14:43:19!PCIE_DEVPATH_MISSING!^/phys/PE\d/IO0/CDFP/DOWNLINK/VFC3:device:asic!DB03
CTH2408-00535!NPI!100004933201!1182242!1182242-01-2W!VIPERFISH|PLATFORMS-SERVER!SYSTEM ASSEMBLY!610005!610005:Pre-FQA!7.93!0.21!2024-02-28 03:05:40!062_0x2B_vfc0_delta_d50s400a_ibc_a!value='--' lower_limit='OK' upper_limit=''!DB03
CTH2351-70829!NPI!100004868905!1143032!1143032-E-1W!VIPERLITE POD|PLATFORMS-SERVER!SYSTEM ASSEMBLY!610005!610005:Pre-FQA!70.56!19.67!2024-02-08 15:59:26!EXCESSIVE_VX_THERMAL_IMPEDANCE!Failing Child Step='thermal_impedance_with_retry - Diag';Attribute 'vx-thermal-impedance' has 1 violated entries. Violated entries: asic-thermal-impedance!DB03
PNGCTH230510989!CTN!100004598260!42000834-12!42000834-12-0B-1W!GRANITE|PLATFORMS-NETWORKING!PCBA!610005!610005:Pre-FQA!390.98!307.28!2023-04-27 01:17:22!005!-!DB06
CTH2407-02957!NPI!100004926465!1182242!1182242-01-2W!VIPERFISH|PLATFORMS-SERVER!SYSTEM ASSEMBLY!610005!610005:Pre-FQA!13.27!1.26!2024-02-27 01:48:36!STETHOSCOPE_STOP_ERROR!Failing Child Step='vf_tdp_thermal_impedance_retry_2 - Stop Stethoscope';Error stopping Stethoscope: sensor data exceed thresholds or have no readings!DB03
TESCTH240800028!PRM!100004903013!1048338-06!1048338-06-0B-6W!TAYGETA|PLATFORMS-NETWORKING!SYSTEM ASSEMBLY!610005!610005:Pre-FQA!1.25!0.01!2024-02-28 08:00:03!POWER_CYCLE_UUT!_tERROR:_DetectUnit_Unit_not_detected_!DB06
CTH2408-01578!NPI!100004933202!1182243!1182243-01-2W!VIPERFISH|PLATFORMS-SERVER!SYSTEM ASSEMBLY!610005!610005:Pre-FQA!6.68!1.52!2024-02-26 19:34:01!MISSING_MEASUREMENT!Could not find measurements for 1 spec(s).!DB03
CTH2405-04017!NPI!100004888813!1167689!1167689-B-2W!VIPERFISH|PLATFORMS-SERVER!SYSTEM ASSEMBLY!610005!610005:Pre-FQA!27.80!0.95!2024-02-27 09:25:21!OSFP_MISSING!Failed to find phys/PE0/IO0/CDFP/DOWNLINK:device:osfp_mgmt_10 in hardware parts.!DB03
CTH2408-00346!NPI!100004933201!1182242!1182242-01-2W!VIPERFISH|PLATFORMS-SERVER!SYSTEM ASSEMBLY!610005!610005:Pre-FQA!8.09!1.38!2024-02-26 22:56:18!EXCESSIVE_TGEN_CORRECTABLE_ECC_ERRORS!Failing Child Step='hbm_tgen_pv - hbm_tgen_pv-run-test-tdp_no_hbm-bank_stress_normal';Attribute 'tgen-correctable-ecc-errors' has 1 violated entries during tgen-bank_stress_normal. Violated entri!DB03
CTH2406-01650!NPI!100004888814!1167689!1167689-B-2W!VIPERFISH|PLATFORMS-SERVER!SYSTEM ASSEMBLY!610005!610005:Pre-FQA!19.41!0.01!2024-02-28 07:51:58!VX_POWER_EXECUTION!Failing Child Step='vf_tdp_thermal_impedance - vx-power-execution';vx_power finished with errors:;E0201 09:51:34.790717   35604 async_driver.cc:487] [device_path: 	 "/dev/vfio/136" mode: KERNEL]!DB03
PFPCTH233600298!CTN!100004755502!1072985-04!1072985-04-H-1W!COBEGO|PLATFORMS-SERVER!PCBA!610005!610005:Pre-FQA!172.03!6.50!2024-02-21 20:03:48!PCIE_COUNT_FAIL!!DB03
VFDCTH240704684!NPI!100004914028!1128352-09!1128352-09-B-2W!VIPERFISH|PLATFORMS-SERVER!PCBA!610005!610005:Pre-FQA!8.74!0.71!2024-02-27 15:06:01!vfc1_telemetry!!DB03
TESCTH240802315!PRM!100004903013!1048338-06!1048338-06-0B-6W!TAYGETA|PLATFORMS-NETWORKING!SYSTEM ASSEMBLY!610005!610005:Pre-FQA!5.76!0.01!2024-02-28 07:59:46!RUN_SELFTEST!_tERROR:_selftest/ta/fi/qxt/0x0002_timeout_!DB06
CTH2348-01816!NPI!100004845397!1144101!1144101-A-1W!VIPERFISH|PLATFORMS-SERVER!SYSTEM ASSEMBLY!610005!610005:Pre-FQA!86.24!13.09!2024-02-15 05:51:34!vf_si_unexpected_fail!Failing Child Step='vfsi_cdmii - vfsi';vf_si binary have non-zero return value: 1!DB03
CTH2341-00682!NPI!100004813114!1144101!1144101-04-1W!VIPERFISH|PLATFORMS-SERVER!SYSTEM ASSEMBLY!610005!610005:Pre-FQA!132.47!15.59!2024-02-12 18:05:13!STEP_TIMEOUT_ERROR!Timeout occurred while executing ssh -o ServerAliveInterval=600 -tt root@10.0.0.8 'ulimit -Hn 1048576; ulimit -Sn 1048576; gcontain enter /; /fish/voodoo/jobhandlers/viperfishist_jobhandler_stand!DB03
CTH2406-01761!NPI!100004888814!1167689!1167689-B-2W!VIPERFISH|PLATFORMS-SERVER!SYSTEM ASSEMBLY!610005!610005:Pre-FQA!19.27!0.73!2024-02-27 14:43:04!tpu_error_p5x_execution!Failing Child Step='Tpu Sdc - p5x-execution';Target tray0chip1 Iteration 0, Unable to read results file /data/tmp/tmpxvwdz7_l/tray0chip1/iteration0/golden_comparison_results.textproto, P5x failed!DB03
CTH2404-04530!NPI!100004888812!1167689!1167689-B-2W!VIPERFISH|PLATFORMS-SERVER!SYSTEM ASSEMBLY!610005!610005:Pre-FQA!31.74!1.21!2024-02-27 03:08:04!STEP_TIMEOUT_ERROR!Timeout occurred while executing ssh -o ServerAliveInterval=600 -tt root@10.0.0.11 'ulimit -Hn 1048576; ulimit -Sn 1048576; gcontain enter /; /fish/voodoo/jobhandlers/viperfishist_jobhandler_stan!DB03
CTH2326-71001!NPI!100004696375!1143032!1143032-07-1W!VIPERLITE POD|PLATFORMS-SERVER!SYSTEM ASSEMBLY!610005!610005:Pre-FQA!225.57!7.85!2024-02-20 11:40:45!VL_MARGIN_SCRIPT_FAIL!Failing Child Step='vl_margin [Voltage Margin OFF] - Tray ID: 0';Exit code: 1 , stderr:!DB03
PNGCTH230505819!CTN!100004598260!42000834-12!42000834-12-0B-1W!GRANITE|PLATFORMS-NETWORKING!PCBA!610005!610005:Pre-FQA!385.53!315.54!2023-04-18 19:03:27!005!!DB03
CTH2351-00017!NPI!100004873407!1167688!1167688-B-2W!VIPERFISH|PLATFORMS-SERVER!SYSTEM ASSEMBLY!610005!610005:Pre-FQA!71.23!1.19!2024-02-27 03:39:04!osfp_send_command_error!(HostCommandError) Send command failure: /fish/tools/vf_osfp_reg --gbmc_host='[fe80::a0d5:9dff:fe6c:6e6a%gbmcbr]' --gbmc_port=54321 --loas2=false --tpu_chip=1 --ici_port=2 --write --value=0xc0 --!DB03
VFDCTH240303570!NPI!100004897563!1128352-09!1128352-09-B-2W!VIPERFISH|PLATFORMS-SERVER!PCBA!610005!610005:Pre-FQA!40.47!8.42!2024-02-19 22:05:27!EXCESSIVE_VX_POWER_RUN_STATUS!!DB03
CTH2407-02913!NPI!100004926465!1182242!1182242-01-2W!VIPERFISH|PLATFORMS-SERVER!SYSTEM ASSEMBLY!610005!610005:Pre-FQA!13.50!0.29!2024-02-28 01:05:23!PCIE_DEVPATH_MISSING!^/phys/PE\d/IO0/CDFP/DOWNLINK/VFC3:device:asic!DB03
CTH2403-06367!NPI!100004897565!1167689!1167689-B-2W!VIPERFISH|PLATFORMS-SERVER!SYSTEM ASSEMBLY!610005!610005:Pre-FQA!37.90!0.82!2024-02-27 12:27:58!vf_loopbacks_fab_failed!Failing Child Step='vf_loopback_external - Diag';Test command '/export/hda3/tests/vf_loopback_fabs/vf_loopback_fabs_test_executable.runfiles/google3/platforms/asic_sw/tools/deepsea/vxc/vfc/vf_loo!DB03
CTH2407-02627!NPI!100004926465!1182242!1182242-01-2W!VIPERFISH|PLATFORMS-SERVER!SYSTEM ASSEMBLY!610005!610005:Pre-FQA!13.75!1.20!2024-02-27 03:17:12!flow_rate_0.3_gpm!value='0.41' lower_limit='0.27' upper_limit='0.33'!DB03
TESCTH240800179!PRM!100004903013!1048338-06!1048338-06-0B-6W!TAYGETA|PLATFORMS-NETWORKING!SYSTEM ASSEMBLY!610005!610005:Pre-FQA!1.03!0.01!2024-02-28 08:00:06!CHECK_CHECK_CPU_INFO_FAILED.!_tERROR:_CheckCPUInfo_Cannot_get_Cpu_Info.._!DB06
TESCTH240802079!PRM!100004903013!1048338-06!1048338-06-0B-6W!TAYGETA|PLATFORMS-NETWORKING!SYSTEM ASSEMBLY!610005!610005:Pre-FQA!1.73!0.00!2024-02-28 08:00:33!RUN_SELFTEST!_tERROR:_selftest/ta/fi/qxt/0x0002/1_ERROR:_0:cd15.3_[_5.8e_06_]_!DB06
PNGCTH230509172!CTN!100004598259!42000834-12!42000834-12-0B-1W!GRANITE|PLATFORMS-NETWORKING!PCBA!610005!610005:Pre-FQA!381.49!322.78!2023-04-11 13:28:44!005!-!DB06
CTH2408-01142!NPI!100004933201!1182242!1182242-01-2W!VIPERFISH|PLATFORMS-SERVER!SYSTEM ASSEMBLY!610005!610005:Pre-FQA!7.40!1.23!2024-02-27 02:36:03!MISSING_MEASUREMENT!Could not find measurements for 1 spec(s).!DB03
VFDCTH240503300!NPI!100004888819!1128352-09!1128352-09-B-2W!VIPERFISH|PLATFORMS-SERVER!PCBA!610005!610005:Pre-FQA!27.78!11.27!2024-02-17 01:33:16!ICT_FAIL!!DB03
TESCTH240801107!PRM!100004903013!1048338-06!1048338-06-0B-6W!TAYGETA|PLATFORMS-NETWORKING!SYSTEM ASSEMBLY!610005!610005:Pre-FQA!2.22!0.01!2024-02-28 08:00:31!RUN_SELFTEST!_tERROR:_PowerSequence_failed_to_transfer_file_from_TFTP_server._!DB06
CTH2408-00525!NPI!100004933201!1182242!1182242-01-2W!VIPERFISH|PLATFORMS-SERVER!SYSTEM ASSEMBLY!610005!610005:Pre-FQA!7.93!1.78!2024-02-26 13:25:03!MISSING_MEASUREMENT!Could not find measurements for 1 spec(s).!DB03
CTH2403-01546!NPI!100004888812!1167689!1167689-B-2W!VIPERFISH|PLATFORMS-SERVER!SYSTEM ASSEMBLY!610005!610005:Pre-FQA!41.08!10.95!2024-02-17 09:13:37!PCIE_VFC2_WIDTH!value='x8' lower_limit='x16' upper_limit=''!DB03
CTH2406-03365!NPI!100004888814!1167689!1167689-B-2W!VIPERFISH|PLATFORMS-SERVER!SYSTEM ASSEMBLY!610005!610005:Pre-FQA!18.97!0.27!2024-02-28 01:38:21!OSFP_MISSING!Failed to find phys/PE0/IO0/CDFP/DOWNLINK:device:osfp_mgmt_15 in hardware parts.!DB03
CTH2407-04480!NPI!100004903472!1167688!1167688-B-2W!VIPERFISH|PLATFORMS-SERVER!SYSTEM ASSEMBLY!610005!610005:Pre-FQA!8.40!1.22!2024-02-27 02:54:17!EXCESSIVE_VX_POWER_RUN_STATUS!Failing Child Step='vf_tdp_thermal_impedance_retry_2 - tdp';Attribute 'vx-power-run-status' has 1 violated entries during vx-power-tdp. Violated entries: UNKNOWN_0!DB03
CTH2405-02320!NPI!100004888813!1167689!1167689-B-2W!VIPERFISH|PLATFORMS-SERVER!SYSTEM ASSEMBLY!610005!610005:Pre-FQA!28.80!0.54!2024-02-27 19:12:55!flow_rate_error!Failing flow rate spec.!DB03
CTH2403-01903!NPI!100004875149!1167689!1167689-B-2W!VIPERFISH|PLATFORMS-SERVER!SYSTEM ASSEMBLY!610005!610005:Pre-FQA!41.76!7.77!2024-02-20 13:41:28!VX_POWER_EXECUTION!Failing Child Step='vf_tdp_thermal_impedance - vx-power-execution';vx_power finished with errors:;E0117 09:03:12.160931   36573 async_driver.cc:487] [device_path: 	 "/dev/vfio/136" mode: KERNEL]!DB03
CTH2408-03242!NPI!100004933202!1182243!1182243-01-2W!VIPERFISH|PLATFORMS-SERVER!SYSTEM ASSEMBLY!610005!610005:Pre-FQA!6.17!0.51!2024-02-27 19:58:49!flow_rate_0.6_gpm!value='0.3' lower_limit='0.54' upper_limit='0.66'!DB03
CTH2408-00538!NPI!100004933201!1182242!1182242-01-2W!VIPERFISH|PLATFORMS-SERVER!SYSTEM ASSEMBLY!610005!610005:Pre-FQA!7.92!1.79!2024-02-26 13:16:44!EXCESSIVE_VX_POWER_RUN_STATUS!Failing Child Step='electrical_design_power - edp';Attribute 'vx-power-run-status' has 1 violated entries during vx-power-edp. Violated entries: UNKNOWN_0!DB03
CTH2406-70631!NPI!100004812677!1143032!1143032-C-1W!VIPERLITE POD|PLATFORMS-SERVER!SYSTEM ASSEMBLY!610005!610005:Pre-FQA!19.76!0.53!2024-02-27 19:31:35!EXCESSIVE_PV_TGEN_THERMAL_THROTTLE!Failing Child Step='hbm_tgen_pv_conditions - tdp_no_hbm';Attribute 'pv-tgen-thermal-throttle' has 1 violated entries during pv-tgen-tdp_no_hbm. Violated entries: throttle-rate!DB03
CTH2407-02747!NPI!100004926465!1182242!1182242-01-2W!VIPERFISH|PLATFORMS-SERVER!SYSTEM ASSEMBLY!610005!610005:Pre-FQA!13.57!1.47!2024-02-26 20:50:32!VX_PV_TGEN_FAILED!Failing Child Step='hbm_tgen_pv - hbm_tgen_pv-run-test';INTERNAL: TC0 is halted before Stop flag was set. Core Status: run_state = 2 pc=332 halted_due_to_instruction=false!DB03
TESCTH240800892!PRM!100004903013!1048338-06!1048338-06-0B-6W!TAYGETA|PLATFORMS-NETWORKING!SYSTEM ASSEMBLY!610005!610005:Pre-FQA!1.52!0.01!2024-02-28 08:00:07!POWER_CYCLE_UUT!_tERROR:_DetectUnit_Unit_not_detected_!DB06
CTH2406-00939!NPI!100004888814!1167689!1167689-B-2W!VIPERFISH|PLATFORMS-SERVER!SYSTEM ASSEMBLY!610005!610005:Pre-FQA!19.75!0.94!2024-02-27 09:30:39!EXCESSIVE_VX_POWER_RUN_STATUS!Failing Child Step='vf_tdp_thermal_impedance_retry_2 - tdp';Attribute 'vx-power-run-status' has 1 violated entries during vx-power-tdp. Violated entries: UNKNOWN_0!DB03
VFDCTH240601625!NPI!100004896344!1128352-09!1128352-09-B-2W!VIPERFISH|PLATFORMS-SERVER!PCBA!610005!610005:Pre-FQA!16.24!11.46!2024-02-16 21:10:16!VX_POWER_EXECUTION!!DB03
CTH2408-00338!NPI!100004933201!1182242!1182242-01-2W!VIPERFISH|PLATFORMS-SERVER!SYSTEM ASSEMBLY!610005!610005:Pre-FQA!8.09!0.14!2024-02-28 04:45:23!vfc1_telemetry!value='--' lower_limit='OK' upper_limit=''!DB03
NCS23160135!NPI!100004638341!PT100-G0106-03!PT100-G0106-03041D!DIORITE|PLATFORMS-NETWORKING!!610005!610005:Pre-FQA!311.92!217.88!2023-07-25 11:03:41!005!Netboot Dram!DB06
AMPCTH233900684!NPI!100004784511!1156402!1156402-01-2D!ASAKA|PLATFORMS-NETWORKING!!610005!610005:Pre-FQA!123.12!49.16!2024-01-10 04:11:44!vdd_0r71_voltage!value_0.743_lower_limit_0.75_upper_limit_0.819_!DB06
CTH2406-00762!NPI!100004888814!1167689!1167689-B-2W!VIPERFISH|PLATFORMS-SERVER!SYSTEM ASSEMBLY!610005!610005:Pre-FQA!19.65!1.87!2024-02-26 11:21:48!EXCESSIVE_VX_POWER_RUN_STATUS!Failing Child Step='vf_tdp_thermal_impedance - tdp';Attribute 'vx-power-run-status' has 1 violated entries during vx-power-tdp. Violated entries: UNKNOWN_0!DB03
PNGCTH230511692!CTN!100004598260!42000834-12!42000834-12-0B-1W!GRANITE|PLATFORMS-NETWORKING!PCBA!610005!610005:Pre-FQA!386.68!317.06!2023-04-17 06:37:22!ICT_FAIL!Failed : Power SetUp!DB03
CTH2407-03625!NPI!100004875215!1167688!1167688-B-2W!VIPERFISH|PLATFORMS-SERVER!SYSTEM ASSEMBLY!610005!610005:Pre-FQA!8.79!0.01!2024-02-28 07:50:34!EXCESSIVE_VX_POWER_RUN_STATUS!Failing Child Step='vf_tdp_thermal_impedance_retry_2 - tdp';Attribute 'vx-power-run-status' has 1 violated entries during vx-power-tdp. Violated entries: UNKNOWN_0!DB03
VLSCTH232470601!NPI!100004689680!1131265-04!1131265-04-B-1W!VIPERLITE POD|PLATFORMS-SERVER!PCBA!610005!610005:Pre-FQA!251.85!26.20!2024-02-02 03:19:43!PCIE_DEVPATH_MISSING!!DB03
VFDCTH240600580!NPI!100004888820!1128352-09!1128352-09-B-2W!VIPERFISH|PLATFORMS-SERVER!PCBA!610005!610005:Pre-FQA!22.20!1.53!2024-02-26 19:22:25!EXCESSIVE_TGEN_TEST_STATUS!!DB03
CTH2406-00484!NPI!100004888814!1167689!1167689-B-2W!VIPERFISH|PLATFORMS-SERVER!SYSTEM ASSEMBLY!610005!610005:Pre-FQA!20.30!0.52!2024-02-27 19:33:03!vfc3_telemetry!value='--' lower_limit='OK' upper_limit=''!DB03
CTH2405-04091!NPI!100004888813!1167689!1167689-B-2W!VIPERFISH|PLATFORMS-SERVER!SYSTEM ASSEMBLY!610005!610005:Pre-FQA!28.28!0.71!2024-02-27 15:04:55!PCIE_DEVPATH_MISSING!^/phys/PE\d/IO0/CDFP/DOWNLINK/VFC0:device:asic!DB03
CTH2407-00835!NPI!100004926465!1182242!1182242-01-2W!VIPERFISH|PLATFORMS-SERVER!SYSTEM ASSEMBLY!610005!610005:Pre-FQA!14.77!1.76!2024-02-26 13:47:04!EXCESSIVE_HELLO_VFC_SMARTDIAG!Failing Child Step='hello_vfc - Diag';Attribute 'hello_vfc_smartdiag' has 2 violated entries. Violated entries: HelloTestSuite/HelloTc:CoreDumpCollectCsrsTest/Core0,HelloTestSuite/HelloTc:CoreDum!DB03
CTH2347-01764!NPI!100004845397!1144101!1144101-A-1W!VIPERFISH|PLATFORMS-SERVER!SYSTEM ASSEMBLY!610005!610005:Pre-FQA!86.09!21.93!2024-02-06 09:49:36!invalid_test_case_results!Failing Child Step='seaworthy_margin_up [Voltage Margin UP] - seaworthy_iteration_0';Result is missing Chip Info.!DB03
CTH2408-06010!NPI!100004888814!1167689!1167689-B-2W!VIPERFISH|PLATFORMS-SERVER!SYSTEM ASSEMBLY!610005!610005:Pre-FQA!2.04!0.14!2024-02-28 04:45:14!EXCESSIVE_VX_POWER_THERMAL_THROTTLE!Failing Child Step='vf_tdp_thermal_impedance_retry_2 - tdp';Attribute 'vx-power-thermal-throttle' has 1 violated entries during vx-power-tdp. Violated entries: throttle-rate!DB03
CTH2405-00650!NPI!100004888813!1167689!1167689-B-2W!VIPERFISH|PLATFORMS-SERVER!SYSTEM ASSEMBLY!610005!610005:Pre-FQA!30.27!0.69!2024-02-27 15:28:45!OSFP_MISSING!Failed to find phys/PE0/IO0/CDFP/DOWNLINK:device:osfp_mgmt_4 in hardware parts.!DB03
VFDCTH240700086!NPI!100004903475!1128352-09!1128352-09-B-2W!VIPERFISH|PLATFORMS-SERVER!PCBA!610005!610005:Pre-FQA!14.04!0.56!2024-02-27 18:47:00!PCIE_DEVPATH_MISSING!!DB03
CTH2405-00601!NPI!100004888813!1167689!1167689-B-2W!VIPERFISH|PLATFORMS-SERVER!SYSTEM ASSEMBLY!610005!610005:Pre-FQA!30.28!0.95!2024-02-27 09:25:09!OSFP_MISSING!Failed to find phys/PE0/IO0/CDFP/DOWNLINK:device:osfp_mgmt_0 in hardware parts.!DB03
CTH2407-00960!NPI!100004926465!1182242!1182242-01-2W!VIPERFISH|PLATFORMS-SERVER!SYSTEM ASSEMBLY!610005!610005:Pre-FQA!14.05!0.65!2024-02-27 16:27:46!EXCESSIVE_TGEN_CORRECTABLE_ECC_ERRORS!Failing Child Step='hbm_tgen_pv - hbm_tgen_pv-run-test-tdp_no_hbm-row_hammer';Attribute 'tgen-correctable-ecc-errors' has 1 violated entries during tgen-row_hammer. Violated entries: block-31-nod!DB03
VFDCTH240703314!NPI!100004903475!1128352-09!1128352-09-B-2W!VIPERFISH|PLATFORMS-SERVER!PCBA!610005!610005:Pre-FQA!12.16!5.71!2024-02-22 15:09:00!vfc_aapl_failed!!DB03
VFDCTH240602172!NPI!100004888820!1128352-09!1128352-09-B-2W!VIPERFISH|PLATFORMS-SERVER!PCBA!610005!610005:Pre-FQA!17.50!0.95!2024-02-27 09:26:52!PCIE_DEVPATH_MISSING!!DB03
CTH2349-00785!NPI!100004862657!1167689!1167689-B-2W!VIPERFISH|PLATFORMS-SERVER!SYSTEM ASSEMBLY!610005!610005:Pre-FQA!77.03!1.69!2024-02-26 15:36:03!PCIE_DEVPATH_MISSING!^/phys/PE\d/IO0/CDFP/DOWNLINK/VFC0:device:asic!DB03
CTH2404-05242!NPI!100004888812!1167689!1167689-B-2W!VIPERFISH|PLATFORMS-SERVER!SYSTEM ASSEMBLY!610005!610005:Pre-FQA!31.54!0.94!2024-02-27 09:30:40!PCIE_DEVPATH_MISSING!^/phys/PE\d/IO0/CDFP/DOWNLINK/VFC1:device:asic!DB03
VFDCTH240802441!NPI!100004914029!1128352-09!1128352-09-B-2W!VIPERFISH|PLATFORMS-SERVER!PCBA!610005!610005:Pre-FQA!6.60!0.26!2024-02-28 01:48:32!VX_POWER_EXECUTION!!DB03
PNGCTH230503607!CTN!100004598260!42000834-12!42000834-12-0B-1W!GRANITE|PLATFORMS-NETWORKING!PCBA!610005!610005:Pre-FQA!384.13!317.05!2023-04-17 06:49:11!ICT_FAIL!Failed : Power SetUp!DB03
CTH2346-02911!NPI!100004830192!1137082!1137082-06-1W!VIPERFISH|PLATFORMS-SERVER!SYSTEM ASSEMBLY!610005!610005:Pre-FQA!102.81!13.06!2024-02-15 06:43:58!VF_SI_ERROR!Failing Child Step='vfsi_cdmii - Diag';vf_si Empty csv file!DB03
PNGCTH230603378!CTN!100004598262!42000834-12!42000834-12-0B-1W!GRANITE|PLATFORMS-NETWORKING!PCBA!610005!610005:Pre-FQA!384.77!252.22!2023-06-21 02:54:56!005!!DB06
CTH2404-03102!NPI!100004888813!1167689!1167689-B-2W!VIPERFISH|PLATFORMS-SERVER!SYSTEM ASSEMBLY!610005!610005:Pre-FQA!30.99!1.22!2024-02-27 02:54:39!VOODOO_UNEXPECTED_EXCEPTION!ERROR while executing run_step() in VxStandaloneVoodoo;(Exception) No operator input received within [3600] seconds!DB03
CTH2406-03354!NPI!100004888814!1167689!1167689-B-2W!VIPERFISH|PLATFORMS-SERVER!SYSTEM ASSEMBLY!610005!610005:Pre-FQA!18.95!0.94!2024-02-27 09:34:05!OSFP_MISSING!Failed to find phys/PE0/IO0/CDFP/DOWNLINK:device:osfp_mgmt_14 in hardware parts.!DB03
CTH2407-01203!NPI!100004875215!1167688!1167688-B-2W!VIPERFISH|PLATFORMS-SERVER!SYSTEM ASSEMBLY!610005!610005:Pre-FQA!14.70!1.22!2024-02-27 02:54:30!VF_SI_ICI_SERDES_FAIL!OSFP3!DB03
VFDCTH240802074!NPI!100004914028!1128352-09!1128352-09-B-2W!VIPERFISH|PLATFORMS-SERVER!PCBA!610005!610005:Pre-FQA!6.77!0.27!2024-02-28 01:35:08!EXCESSIVE_VX_POWER_RUN_STATUS!!DB03
CTH2406-01056!NPI!100004888814!1167689!1167689-B-2W!VIPERFISH|PLATFORMS-SERVER!SYSTEM ASSEMBLY!610005!610005:Pre-FQA!19.48!0.73!2024-02-27 14:43:22!ping_gbmc_retry_from_host_tray_fail!Failed to ping fe80::a0d5:9dff:fe6c:6e6a%gbmcbr from the host tray!DB03
CTH2346-00409!NPI!100004825304!1137082!1137082-06-1W!VIPERFISH|PLATFORMS-SERVER!SYSTEM ASSEMBLY!610005!610005:Pre-FQA!104.79!61.04!2023-12-29 07:04:33!PCIE_DEVPATH_MISSING!^/phys/PE\d/IO0/CDFP/DOWNLINK/VFC1:device:asic!DB03
CTH2346-00068!NPI!100004830192!1137082!1137082-06-1W!VIPERFISH|PLATFORMS-SERVER!SYSTEM ASSEMBLY!610005!610005:Pre-FQA!103.20!13.10!2024-02-15 05:38:31!VF_SI_ERROR!Failing Child Step='vfsi_cdmii - Diag';vf_si Empty csv file!DB03
VFDCTH240603460!NPI!100004912592!1128352-09!1128352-09-B-2W!VIPERFISH|PLATFORMS-SERVER!PCBA!610005!610005:Pre-FQA!17.71!11.48!2024-02-16 20:42:58!vf_si_unexpected_fail!!DB03
PNGCTH224518589!CTN!100004564441!42000834-12!42000834-12-0B-1W!GRANITE|PLATFORMS-NETWORKING!PCBA!610005!610005:Pre-FQA!378.03!356.04!2023-03-09 07:14:24!ICT_FAIL!Fix:FICT2239/Failed : Power SetUp!DB03
VFDCTH235102389!NPI!100004862665!1128352-09!1128352-09-B-2W!VIPERFISH|PLATFORMS-SERVER!PCBA!610005!610005:Pre-FQA!67.88!53.90!2024-01-05 10:35:22!VX_POWER_TIMEOUT!!DB03
CTH2347-72539!NPI!100004823674!1143032!1143032-E-1W!VIPERLITE POD|PLATFORMS-SERVER!SYSTEM ASSEMBLY!610005!610005:Pre-FQA!91.00!76.90!2023-12-13 10:34:54!EXCESSIVE_VX_THERMAL_IMPEDANCE!Failing Child Step='thermal_impedance_with_retry - Diag';Attribute 'vx-thermal-impedance' has 1 violated entries. Violated entries: asic-thermal-impedance!DB06
CTH2407-05375!NPI!100004933201!1182242!1182242-01-2W!VIPERFISH|PLATFORMS-SERVER!SYSTEM ASSEMBLY!610005!610005:Pre-FQA!7.30!0.27!2024-02-28 01:33:58!VX_PV_TGEN_FAILED!Failing Child Step='hbm_tgen_pv - hbm_tgen_pv-run-test';INTERNAL: TC0 is halted before Stop flag was set. Core Status: run_state = 2 pc=355 halted_due_to_instruction=false!DB03
CTH2408-00613!NPI!100004933201!1182242!1182242-01-2W!VIPERFISH|PLATFORMS-SERVER!SYSTEM ASSEMBLY!610005!610005:Pre-FQA!7.74!0.22!2024-02-28 02:56:18!vfc3_telemetry!value='--' lower_limit='OK' upper_limit=''!DB03
CTH2351-70830!NPI!100004868905!1143032!1143032-E-1W!VIPERLITE POD|PLATFORMS-SERVER!SYSTEM ASSEMBLY!610005!610005:Pre-FQA!70.56!29.04!2024-01-30 07:14:49!EXCESSIVE_VX_THERMAL_IMPEDANCE!Failing Child Step='thermal_impedance_with_retry - Diag';Attribute 'vx-thermal-impedance' has 1 violated entries. Violated entries: asic-thermal-impedance!DB03
CTH2405-02992!NPI!100004888813!1167689!1167689-B-2W!VIPERFISH|PLATFORMS-SERVER!SYSTEM ASSEMBLY!610005!610005:Pre-FQA!27.62!0.84!2024-02-27 12:00:23!PCIE_VFC2_WIDTH!value='x8' lower_limit='x16' upper_limit=''!DB03
VFDCTH240600561!NPI!100004888820!1128352-09!1128352-09-B-2W!VIPERFISH|PLATFORMS-SERVER!PCBA!610005!610005:Pre-FQA!22.29!13.37!2024-02-14 23:18:26!TPU_HBM_LANE_REPAIR_FAILED_HARD!!DB03
CTH2408-00756!NPI!100004933202!1182243!1182243-01-2W!VIPERFISH|PLATFORMS-SERVER!SYSTEM ASSEMBLY!610005!610005:Pre-FQA!6.65!0.22!2024-02-28 02:56:32!STETHOSCOPE_STOP_ERROR!Failing Child Step='vf_tdp_thermal_impedance_retry_2 - Stop Stethoscope';Error stopping Stethoscope: sensor data exceed thresholds or have no readings!DB03
CTH2405-07363!NPI!100004888814!1167689!1167689-B-2W!VIPERFISH|PLATFORMS-SERVER!SYSTEM ASSEMBLY!610005!610005:Pre-FQA!22.11!2.09!2024-02-26 06:03:33!ping_gbmc_retry_from_host_tray_fail!Failed to ping fe80::a0d5:9dff:fe6c:6e6a%gbmcbr from the host tray!DB03
CTH2351-70833!NPI!100004868905!1143032!1143032-E-1W!VIPERLITE POD|PLATFORMS-SERVER!SYSTEM ASSEMBLY!610005!610005:Pre-FQA!70.56!42.00!2024-01-17 08:07:00!EXCESSIVE_VX_THERMAL_IMPEDANCE!Failing Child Step='thermal_impedance_with_retry - Diag';Attribute 'vx-thermal-impedance' has 1 violated entries. Violated entries: asic-thermal-impedance!DB06
CTH2407-00592!NPI!100004888814!1167689!1167689-B-2W!VIPERFISH|PLATFORMS-SERVER!SYSTEM ASSEMBLY!610005!610005:Pre-FQA!14.30!0.71!2024-02-27 15:04:56!EXCESSIVE_SEAWORTHY_TEST_RESULTS!Failing Child Step='seaworthy_margin_down [Voltage Margin DOWN] - seaworthy_iteration_0';Attribute 'seaworthy-test-results' has 2 violated entries during seaworthy. Violated entries: MatmulConsis!DB03
CTH2408-00654!NPI!100004933201!1182242!1182242-01-2W!VIPERFISH|PLATFORMS-SERVER!SYSTEM ASSEMBLY!610005!610005:Pre-FQA!7.53!1.20!2024-02-27 03:16:15!STETHOSCOPE_STOP_ERROR!Failing Child Step='vf_tdp_thermal_impedance_retry_2 - Stop Stethoscope';Error stopping Stethoscope: sensor data exceed thresholds or have no readings!DB03
CTH2401-01366!NPI!100004875145!1167689!1167689-B-2W!VIPERFISH|PLATFORMS-SERVER!SYSTEM ASSEMBLY!610005!610005:Pre-FQA!49.81!0.86!2024-02-27 11:31:13!EXCESSIVE_VX_POWER_CORE_FAIL_COUNT!Failing Child Step='didt_sweep - Diag';Attribute 'vx-power-core-fail-count' has 1 violated entries during didt. Violated entries: 67_on_29_off!DB03
VFDCTH240705159!NPI!100004914028!1128352-09!1128352-09-B-2W!VIPERFISH|PLATFORMS-SERVER!PCBA!610005!610005:Pre-FQA!9.22!1.29!2024-02-27 01:12:56!VX_PV_TGEN_FAILED!!DB03
ANPCTH240600640!NPI!100004912814!1138896-04!1138896-04-01-2D!ASAKA|PLATFORMS-NETWORKING!PCBA!610005!610005:Pre-FQA!15.44!0.03!2024-02-28 07:19:28!005!USB_NOT_DETECTED!DB06
VFDCTH240703149!NPI!100004903475!1128352-09!1128352-09-B-2W!VIPERFISH|PLATFORMS-SERVER!PCBA!610005!610005:Pre-FQA!11.67!0.07!2024-02-28 06:30:33!tpu_dauntless_haven_firmware_update_error!!DB03
CTH2407-02514!NPI!100004926465!1182242!1182242-01-2W!VIPERFISH|PLATFORMS-SERVER!SYSTEM ASSEMBLY!610005!610005:Pre-FQA!13.75!1.20!2024-02-27 03:16:44!flow_rate_0.3_gpm!value='0.42' lower_limit='0.27' upper_limit='0.33'!DB03
CTH2348-00553!NPI!100004836710!1144101!1144101-A-1W!VIPERFISH|PLATFORMS-SERVER!SYSTEM ASSEMBLY!610005!610005:Pre-FQA!88.22!13.09!2024-02-15 05:50:59!vf_si_unexpected_fail!Failing Child Step='vfsi_cdmii - vfsi';vf_si binary have non-zero return value: 1!DB03
CTH2348-01682!NPI!100004836710!1144101!1144101-A-1W!VIPERFISH|PLATFORMS-SERVER!SYSTEM ASSEMBLY!610005!610005:Pre-FQA!87.99!13.10!2024-02-15 05:38:24!vf_si_unexpected_fail!Failing Child Step='vfsi_cdmii - vfsi';vf_si binary have non-zero return value: 1!DB03
TESCTH240800872!PRM!100004903013!1048338-06!1048338-06-0B-6W!TAYGETA|PLATFORMS-NETWORKING!SYSTEM ASSEMBLY!610005!610005:Pre-FQA!1.57!0.01!2024-02-28 08:00:04!NO_BOOT!_tERROR:_DetectUnit_Unit_not_detected_!DB06
CTH2407-04760!NPI!100004933201!1182242!1182242-01-2W!VIPERFISH|PLATFORMS-SERVER!SYSTEM ASSEMBLY!610005!610005:Pre-FQA!7.48!0.51!2024-02-27 19:58:15!VX_PV_TGEN_FAILED!Failing Child Step='hbm_tgen_pv - hbm_tgen_pv-run-test';INTERNAL: TC0 is halted before Stop flag was set. Core Status: run_state = 2 pc=353 halted_due_to_instruction=false!DB03
CTH2408-00240!NPI!100004933201!1182242!1182242-01-2W!VIPERFISH|PLATFORMS-SERVER!SYSTEM ASSEMBLY!610005!610005:Pre-FQA!8.17!1.99!2024-02-26 08:17:25!vfc1_telemetry!value='--' lower_limit='OK' upper_limit=''!DB03
CTH2408-01082!NPI!100004933201!1182242!1182242-01-2W!VIPERFISH|PLATFORMS-SERVER!SYSTEM ASSEMBLY!610005!610005:Pre-FQA!7.58!1.23!2024-02-27 02:36:20!EXCESSIVE_TGEN_TEST_STATUS!Failing Child Step='hbm_tgen_pv - hbm_tgen_pv-run-test-tdp_no_hbm-bank_stress_normal';Attribute 'tgen-test-status' has 1 violated entries during tgen-bank_stress_normal. Violated entries: block-1!DB03
CTH2407-04483!NPI!100004903472!1167688!1167688-B-2W!VIPERFISH|PLATFORMS-SERVER!SYSTEM ASSEMBLY!610005!610005:Pre-FQA!8.40!1.22!2024-02-27 02:52:40!VXC_RESTORE_HBM_FAILED!Failing Child Step='hbm_tgen_pv - hbm_tgen_pv';VxC HBM Configuration failed: Command /export/hda3/tests/vf_hwqual_setup_fabs/vf_hbm -id 3 -reset --noenvelope_enabled failed. Output:;STDERR: E0219!DB03
CTH2348-03008!NPI!100004845397!1144101!1144101-A-1W!VIPERFISH|PLATFORMS-SERVER!SYSTEM ASSEMBLY!610005!610005:Pre-FQA!85.71!29.02!2024-01-30 07:42:21!ping_device_from_host_tray_fail!Failed to ping fe80::a0d5:9dff:fe6c:6e6a%gbmcbr from the host tray!DB03
VFDCTH240703359!NPI!100004903475!1128352-09!1128352-09-B-2W!VIPERFISH|PLATFORMS-SERVER!PCBA!610005!610005:Pre-FQA!12.27!5.72!2024-02-22 14:46:36!vfc2_telemetry!!DB03
CTH2407-01961!NPI!100004888814!1167689!1167689-B-2W!VIPERFISH|PLATFORMS-SERVER!SYSTEM ASSEMBLY!610005!610005:Pre-FQA!12.04!0.94!2024-02-27 09:30:43!vf_si_unexpected_fail!Failing Child Step='vfsi_cdmii - vfsi';vf_si binary have non-zero return value: 1!DB03
CTH2345-01875!NPI!100004825304!1137082!1137082-06-1W!VIPERFISH|PLATFORMS-SERVER!SYSTEM ASSEMBLY!610005!610005:Pre-FQA!106.19!13.10!2024-02-15 05:50:23!vf_si_unexpected_fail!Failing Child Step='vfsi_cdmii - vfsi';vf_si binary have non-zero return value: 1!DB03
CTH2404-04377!NPI!100004888812!1167689!1167689-B-2W!VIPERFISH|PLATFORMS-SERVER!SYSTEM ASSEMBLY!610005!610005:Pre-FQA!31.58!0.94!2024-02-27 09:34:03!VX_POWER_EXECUTION!Failing Child Step='vf_tdp_thermal_impedance - vx-power-execution';vx_power finished with errors:;E0202 15:36:39.899314   36210 async_driver.cc:487] [device_path: 	 "/dev/vfio/136" mode: KERNEL]!DB03
CTH2404-02872!NPI!100004888812!1167689!1167689-B-2W!VIPERFISH|PLATFORMS-SERVER!SYSTEM ASSEMBLY!610005!610005:Pre-FQA!31.56!0.94!2024-02-27 09:30:52!PCIE_DEVPATH_MISSING!^/phys/PE\d/IO0/CDFP/DOWNLINK/VFC3:device:asic!DB03
VFDCTH240701976!NPI!100004903475!1128352-09!1128352-09-B-2W!VIPERFISH|PLATFORMS-SERVER!PCBA!610005!610005:Pre-FQA!14.19!0.56!2024-02-27 18:41:40!EXCESSIVE_TGEN_TEST_STATUS!!DB03
